print_id,title,event,venues,flags,show_detail,tour
341049,Goose Saratoga Springs 26 Loeffler - 1st,"July 3-4, 2026","Saratoga Performing Arts Center (SPAC) - Saratoga Springs, NY",no instagram link: Max Loeffler,"2026-07-03 Albany Med Health System at SPAC (Saratoga Springs, NY) | 2026-07-04 Albany Med Health System at SPAC (Saratoga Springs, NY)",
340967,Goose Saratoga Springs 26 Schaw - 1st,"July 3-4, 2026","Saratoga Performing Arts Center (SPAC) - Saratoga Springs, NY",no instagram link: Peter Schaw,"2026-07-03 Albany Med Health System at SPAC (Saratoga Springs, NY) | 2026-07-04 Albany Med Health System at SPAC (Saratoga Springs, NY)",
340832,Echoes in Ink New York City 26 Benchetler - 1st,,,unassigned — no show or tour; no parseable event date,,
340817,Goose Charleston 26 Mazza - 1st,"June 23-24, 2026","Firefly Distillery - Charleston, SC",no instagram link: Jim Mazza,"2026-06-23 Firefly Distillery (North Charleston, SC) | 2026-06-24 Firefly Distillery (North Charleston, SC)",
340794,Goose New York City [VIP] 26 Hatch - 1st,"June 21, 2026","Central Park Summerstage - New York City, NY",no instagram link: Duncan Hatch,"2026-06-21 SummerStage in Central Park (New York, NY)",
340628,Goose Virginia Beach 26 Cohen - 1st,"June 15-16, 2026","Dome, The - Virginia Beach, VA",no instagram link: Evan Cohen,"2026-06-15 The Dome (Virginia Beach, VA) | 2026-06-16 The Dome (Virginia Beach, VA)",
340559,Goose Virginia Beach 26 Landland - Show,"June 15-16, 2026","Dome, The - Virginia Beach, VA",no instagram link: Landland,"2026-06-15 The Dome (Virginia Beach, VA) | 2026-06-16 The Dome (Virginia Beach, VA)",
340524,Goose New York City 26 Spusta - 1st,"June 19-20, 2026","Madison Square Garden - New York City, NY",no instagram link: Marq Spusta,"2026-06-19 Madison Square Garden (New York, NY) | 2026-06-20 Madison Square Garden (New York, NY)",
340423,Goose Toronto 26 Morning Breath - 1st,2026-06-13,"RBC Amphitheatre - Toronto, ON, CAN",unassigned — no show or tour; no parseable event date; no instagram link: Morning Breath,,
340416,Goose Live at Madison Square Garden - 1st,2025-06-28,"Madison Square Garden - New York City, NY",unassigned — no show or tour; no parseable event date; no instagram link: *Unknown,,
340150,Goose Berlin 26 Loeffler - 1st,"June 3, 2026","Festsaal Kreuzberg - Berlin, GER",no instagram link: Max Loeffler,"2026-06-03 Festsaal Kreuzberg (Berlin, DEU)",
340083,Goose Cologne 26 Schwalbe - 1st,"May 30, 2026","Burgerhaus Stollwerk - Köln, GER","venue mismatch on 2026-05-30: EB=['burgerhaus', 'ger', 'stollwerk'] db=Bürgerhaus Stollwerck","2026-05-30 Bürgerhaus Stollwerck (Cologne, DEU)",
339975,Goose European Tour 26 Hacker - 1st,2026 European Tour,"Melkweg - Amsterdam, NED",unassigned — no show or tour; no parseable event date,,
339687,Goose San Jose Del Cabo 26 Andreawan - 1st,"May 9, 2026","El Gonzo Sculpture Garden - Los Cabos, MEX",2 shows on 2026-05-09,"2026-05-09 Hotel El Ganzo (San José del Cabo, MEX) | 2026-05-09 Hotel El Ganzo (San José del Cabo, MEX)",
339686,Goose San Jose Del Cabo 26 Caraza - 1st,"May 8, 2026","El Gonzo Sculpture Garden - Los Cabos, MEX",no instagram link: Karla Caraza,"2026-05-08 Hotel El Ganzo (San José del Cabo, MEX)",
339684,Goose San Jose Del Cabo 26 Nava - 1st,"May 7, 2026","El Gonzo Sculpture Garden - Los Cabos, MEX",2 shows on 2026-05-07; no instagram link: Joaquin Nava,"2026-05-07 Hotel El Ganzo (San José del Cabo, MEX) | 2026-05-07 Hotel El Ganzo (San José del Cabo, MEX)",
339682,Goose San Jose Del Cabo 26 Garcia - 1st,"May 7, 2026","El Gonzo Sculpture Garden - Los Cabos, MEX",2 shows on 2026-05-07,"2026-05-07 Hotel El Ganzo (San José del Cabo, MEX) | 2026-05-07 Hotel El Ganzo (San José del Cabo, MEX)",
339489,Goose Irving 26 Burwell - 1st,"April 25, 2026","The Pavilion at Toyota Music Factory, Irving TX",no instagram link: Guy Burwell,"2026-04-25 The Pavilion at Toyota Music Factory (Irving, TX)",
339394,Goose New Orleans 26 Mazza - Show,"April 21-22, 2026","Saenger Theatre - New Orleans, LA",no instagram link: Jim Mazza,"2026-04-21 Saenger Theatre (New Orleans, LA) | 2026-04-22 Saenger Theatre (New Orleans, LA)",
339212,Goose Asheville 26 Rushing - 1st,"April 10, 2026","Exploreasheville Arena - Asheville, NC",no instagram link: Taylor Rushing,"2026-04-10 ExploreAsheville.com Arena (Asheville, NC)",
339189,Goose Asheville 26 Tatum - 1st,"April 10, 2026","Exploreasheville Arena - Asheville, NC",no instagram link: Hannah Tatum,"2026-04-10 ExploreAsheville.com Arena (Asheville, NC)",
337806,Goose Dragonfly Pin 21 - 1st,,,unassigned — no show or tour; no parseable event date; no instagram link: Danny Steinman,,
337737,Goose Frog Tote Bag 24 - 1st,Summer Tour 2024,*multiple venues,tour matched fuzzily: '2024 Summer'; no parseable event date; no instagram link: Goose,,2024 Summer
337735,Goose Flower Hand 24 - Bottle,Summer Tour 2024,*multiple venues,tour matched fuzzily: '2024 Summer'; no parseable event date; no instagram link: Goose,,2024 Summer
337718,Goose Reflection 24 - Enamel Pin,Summer Tour 2024,*multiple venues,tour matched fuzzily: '2024 Summer'; no parseable event date; no instagram link: Goose,,2024 Summer
337717,Goose Stacked Logo Holographic Sticker 24 - 1st,Summer Tour 2024,*multiple venues,tour matched fuzzily: '2024 Summer'; no parseable event date; no instagram link: Goose,,2024 Summer
337716,Goose Stars Logo Sticker 24 - 1st,Summer Tour 2024,*multiple venues,tour matched fuzzily: '2024 Summer'; no parseable event date; no instagram link: Goose,,2024 Summer
337709,Goose West Coast Tour 22 Berndt - 1st,,"Marquee Theatre - Tempe, AZ",unassigned — no show or tour; no parseable event date; no instagram link: Simon Berndt,,
337641,Goose Bonner VIP Tote 24 - 1st,"September 19-20, 2024","Kettlehouse Amphitheater - Bonner, MT",no instagram link: Goose,"2024-09-19 KettleHouse Amphitheater (Bonner-West Riverside, MT) | 2024-09-20 KettleHouse Amphitheater (Bonner-West Riverside, MT)",
337640,Goose Magna VIP Tote 24 - 1st,"September 17, 2024","Great Saltair, The - Magna, UT",no instagram link: Goose,"2024-09-17 The Great Saltair III (Magna, UT)",
337636,Goose Greenwood Village VIP Ticket 25 - 1st,"June 6-7, 2025",,no instagram link: *Unknown,"2025-06-06 Fiddler's Green Amphitheatre (Greenwood Village, CO) | 2025-06-07 Fiddler's Green Amphitheatre (Greenwood Village, CO)",
337635,Goose Greenwood Village VIP Tote 25 - 1st,"June 6-7, 2025",,no instagram link: Goose,"2025-06-06 Fiddler's Green Amphitheatre (Greenwood Village, CO) | 2025-06-07 Fiddler's Green Amphitheatre (Greenwood Village, CO)",
337607,Goose Jigsaw Puzzle Dragon 24 Lyons - 1st,,,unassigned — no show or tour; no parseable event date; no instagram link: Chris Lyons,,
337606,Goose Jigsaw Puzzle 24 Sax - 1st,,,unassigned — no show or tour; no parseable event date,,
337605,Goose Jigsaw Puzzle Ducks 24 Mahn - 1st,,,unassigned — no show or tour; no parseable event date,,
337604,Goose Jigsaw Puzzle Frogs 24 Slater - 1st,,,unassigned — no show or tour; no parseable event date,,
337602,Goose Gives Me Treats Sticker 25 - 1st,,,unassigned — no show or tour; no parseable event date; no instagram link: Goose,,
337601,Goose Rockdale Heron Koozie 25 - 1st,,,unassigned — no show or tour; no parseable event date; no instagram link: Goose,,
337598,Goose Lotus Pin 22 - 1st,,,unassigned — no show or tour; no parseable event date; no instagram link: Micah Hughes,,
337574,Goose Viva El Gonzo 25 - Floral Sunset Sticker,Viva El Gonzo Festival 5/8-11/2025,"San Jose, Del Cabo, Mexico",2 shows on 2025-05-10; no instagram link: Goose,"2025-05-08 Hotel El Ganzo (San José del Cabo, MEX) | 2025-05-09 Hotel El Ganzo (San José del Cabo, MEX) | 2025-05-10 Hotel El Ganzo (San José del Cabo, MEX) | 2025-05-10 Hotel El Ganzo (San José del Cabo, MEX)",
337573,Goose Sticker Pack 21 - 1st,,,unassigned — no show or tour; no parseable event date; no instagram link: Goose,,
337572,Goose Triangle Eye Koozie 21 - 1st,,,unassigned — no show or tour; no parseable event date; no instagram link: Goose,,
337571,Goose Tree Connection Holo Foil Sticker 25 - 1st,,,unassigned — no show or tour; no parseable event date; no instagram link: Goose,,
337569,Goose Fancy Penguin Script Sticker 25 - 1st,,,unassigned — no show or tour; no parseable event date; no instagram link: Taylor Rushing,,
337545,Goose Ted Tapes 2024 Bandana - 1st,,,unassigned — no show or tour; no parseable event date; no instagram link: *Unknown,,
337544,Goose Smiling Sun 25 - Koozie,,,unassigned — no show or tour; no parseable event date; no instagram link: Goose,,
337542,Goose Blood Moon 25 - Sticker,,,unassigned — no show or tour; no parseable event date; no instagram link: Goose,,
337541,Goose Band Member Sticker Pack 25 - 1st,,,unassigned — no show or tour; no parseable event date,,
337540,Goose CYD Button Set 25 - 1st,,,unassigned — no show or tour; no parseable event date; no instagram link: Kevin Bergkvist,,
337539,Goose Tiger Bird Magnet Set 25 - 1st,,,unassigned — no show or tour; no parseable event date; no instagram link: Goose,,
337534,Goose Goosemas Crystal Ball 25 - Koozie,Goosemas XII 2025,"Amica Mutual Pavilion - Providence, RI",unassigned — no show or tour; no parseable event date,,
337533,Goose Goosemas Juggler 25 - Sticker,Goosemas XII 2025,"Amica Mutual Pavilion - Providence, RI",unassigned — no show or tour; no parseable event date,,
337531,Goose Goosemas Clown 25 - Sticker,Goosemas XII 2025,"Amica Mutual Pavilion - Providence, RI",unassigned — no show or tour; no parseable event date,,
337529,Goose Goosemas Circus Tents 25 - Sticker,Goosemas XII 2025,"Amica Mutual Pavilion - Providence, RI",unassigned — no show or tour; no parseable event date,,
337301,Goose Chain Yer Dragon - 3xLP Vinyl 25 - White Ash,,,unassigned — no show or tour; no parseable event date; no instagram link: Kevin Bergkvist,,
337300,Goose Live in New York (Limited Edition 2-LP Vinyl) 25 - 1st,,Luna Luna at The Shed in New York City,unassigned — no show or tour; no parseable event date; no instagram link: Goose,,
337223,The el Goose Times Vol. 14 Goosemas XII 25 - 1st,Goosemas XII 2025,"Amica Mutual Pavilion - Providence, RI",unassigned — no show or tour; no parseable event date; no instagram link: Jon Caruso,,
337112,Goose Providence 25 Biffle - 1st,"Goosemas: December 12-13, 2025","Amica Mutual Pavilion - Providence, RI",no instagram link: Richard Biffle,"2025-12-12 Amica Mutual Pavilion (Providence, RI) | 2025-12-13 Amica Mutual Pavilion (Providence, RI)",
336869,Goose Shenanigans Sticker 21 - 1st,,,unassigned — no show or tour; no parseable event date; no instagram link: Goose,,
336867,Goose Fred the Festival Handout 21 - 1st,Fred the Festival,,unassigned — no show or tour; no parseable event date; no instagram link: Goose,,
335472,The el Goose Times Vol. 13 Summer 25 - 1st,Summer Tour 2025,*multiple venues,tour matched fuzzily: '2025 Summer'; no parseable event date; no instagram link: Jon Caruso,,2025 Summer
335471,The el Goose Times Goosemas XI 24 - 1st,Goosemas XI (December 2024),,unassigned — no show or tour; no parseable event date; no instagram link: Jon Caruso,,
335470,The el Goose Times Vol. 12 Oct. 24 - 1st,Fall Tour 2024,*multiple venues,tour matched fuzzily: '2024 Fall'; no parseable event date; no instagram link: Jon Caruso,,2024 Fall
335469,The el Goose Times Vol. 12 October 24 - 1st,Fall Tour 2024,*multiple venues,tour matched fuzzily: '2024 Fall'; no parseable event date; no instagram link: Jon Caruso,,2024 Fall
335468,The el Goose Times Vol. 11 June 24 - 1st,Summer Tour 2024,*multiple venues,tour matched fuzzily: '2024 Summer'; no parseable event date; no instagram link: Jon Caruso,,2024 Summer
335220,Goose Richmond 25 Tatum - 1st,"October 2-3, 2025","Allianz Amphitheater at Riverfront - Richmond, VA",no instagram link: Hannah Tatum,"2025-10-02 Allianz Amphitheater at Riverfront (Richmond, VA) | 2025-10-03 Allianz Amphitheater at Riverfront (Richmond, VA)",
335002,Goose Louisville 25 Gardner - 1st,"September 23-24, 2025","Palace - Louisville, KY",no instagram link: Paul Gardner,"2025-09-23 Louisville Palace Theatre (Louisville, KY) | 2025-09-24 Louisville Palace Theatre (Louisville, KY)",
335000,Goose Louisville 25 Williamson - 1st,"September 23-24, 2025","Palace - Louisville, KY",no instagram link: Caleb Williamson,"2025-09-23 Louisville Palace Theatre (Louisville, KY) | 2025-09-24 Louisville Palace Theatre (Louisville, KY)",
334975,Goose Chicago 25 Spusta - 1st,"September 20, 2025","Huntington Bank Pavilion at Northerly Island - Chicago, IL",no instagram link: Marq Spusta,"2025-09-20 Huntington Bank Pavilion at Northerly Island (Chicago, IL)",
334929,Goose Chicago 25 Mazza - 1st,"September 20, 2025","Huntington Bank Pavilion at Northerly Island - Chicago, IL",no instagram link: Jim Mazza,"2025-09-20 Huntington Bank Pavilion at Northerly Island (Chicago, IL)",
334203,Goose Park City 25 Quattlebaum - 1st,"August 16, 2025","Park City Song Summit - Park City, UT",no instagram link: Austin Quattlebaum,"2025-08-16 City Park (Park City, UT)",
333685,Goose Phoenix 25 Fahim - 1st,,"Arizona Financial Theatre - Phoenix, AZ",unassigned — no show or tour; no parseable event date; no instagram link: Isaq Fahim,,
333569,Goose Jeni's Goose Tracks 25 Blomerth - 1st,,,unassigned — no show or tour; no parseable event date,,
333193,Goose New Haven 25 Taylor - 1st,"June 29, 2025","Westville Music Bowl - New Haven, CT",no instagram link: Christian Taylor,"2025-06-29 Westville Music Bowl (New Haven, CT)",
332935,Goose Summer Tour VIP 25 Adkins - Artist,Summer Tour 5/30-6/29/2025,*multiple venue tour poster,no instagram link: Carolyn Lee Adkins,"2025-05-30 Hayden Homes Amphitheater (Bend, OR) | 2025-05-31 Spokane Pavilion (Spokane, WA) | 2025-06-01 Outlaw Field at Idaho Botanical Garden (Boise, ID) | 2025-06-03 Brooklyn Bowl Las Vegas (Las Vegas, NV) | 2025-06-04 Arizona Financial Theatre (Phoenix, AZ) | 2025-06-06 Fiddler's Green Amphitheatre (Greenwood Village, CO) | 2025-06-07 Fiddler's Green Amphitheatre (Greenwood Village, CO) | 2025-06-10 The Factory (Chesterfield, MO) | 2025-06-11 The Factory (Chesterfield, MO) | 2025-06-12 Everwise Amphitheater at White River State Park (Indianapolis, IN) | 2025-06-13 Great Stage Park (Manchester, TN) | 2025-06-15 Merriweather Post Pavilion (Columbia, MD) | 2025-06-17 Live Oak Bank Pavilion (Wilmington, NC) | 2025-06-19 Jacob's Pavilion at Nautica (Cleveland, OH) | 2025-06-20 Jacob's Pavilion at Nautica (Cleveland, OH) | 2025-06-21 Constellation Brands – Marvin Sands Performing Arts Center (Canandaigua, NY) | 2025-06-22 Belleayre Mountain (Highmount, NY) | 2025-06-23 Racket NYC (New York, NY) | 2025-06-27 BankNH Pavilion (Gilford, NH) | 2025-06-28 Madison Square Garden (New York, NY) | 2025-06-29 Westville Music Bowl (New Haven, CT)",
332927,Goose Cleveland 25 Mazza - 1st,"June 19-20, 2025","Jacobs Pavilion at Nautica - Cleveland, OH",no instagram link: Jim Mazza,"2025-06-19 Jacob's Pavilion at Nautica (Cleveland, OH) | 2025-06-20 Jacob's Pavilion at Nautica (Cleveland, OH)",
332893,Goose Wilmington 25 Decker - 1st,"June 17, 2025",Live Oak Bank Pavilion - Wilmington NC,no instagram link: Matt Decker,"2025-06-17 Live Oak Bank Pavilion (Wilmington, NC)",
332682,Goose St. Louis 25 Landland - 1st,"June 10-11, 2025","The Factory, St.Louis MO",no instagram link: Landland,"2025-06-10 The Factory (Chesterfield, MO) | 2025-06-11 The Factory (Chesterfield, MO)",
332517,Goose Bend 25 Stiles - 1st,"May 30, 2025","Hayden Homes Amphitheater - Bend, OR",no instagram link: Daniel Stiles,"2025-05-30 Hayden Homes Amphitheater (Bend, OR)",
330882,Goose EMG New York City 25 Blomerth - Paper,Goose x Luna Luna: The Everything Must Go Experience,"The Shed - New York, NY",unassigned — no show or tour; no parseable event date,,
330412,Goose Grand Rapids N2 25 Loeffler - 1st,"February 14, 2025","GLC Live at 20 Monroe - Grand Rapids, MI",no instagram link: Max Loeffler,"2025-02-14 GLC Live at 20 Monroe (Grand Rapids, MI)",
330209,Goose Milwaukee 25 Adkins - 1st,"February 6-8, 2025","Miller High Life Theatre - Milwaukee, WI",no instagram link: Carolyn Lee Adkins,"2025-02-06 Miller High Life Theatre (Milwaukee, WI) | 2025-02-07 Miller High Life Theatre (Milwaukee, WI) | 2025-02-08 Miller High Life Theatre (Milwaukee, WI)",
330007,Goose Everything Must Go 3xLP Vinyl 25 - Web Store Exclusive,,,unassigned — no show or tour; no parseable event date,,
329439,Goose Austin 24 Rushing - 1st,"December 30-31, 2024","Moody Center - Austin, TX",no instagram link: Taylor Rushing,"2024-12-30 Moody Center (Austin, TX) | 2024-12-31 Moody Center (Austin, TX)",
329174,Goose North Charleston 24 Mazza Kloc - 1st,"Goosemas: December 13-14, 2024","North Charleston Col - N. Charleston, SC",no instagram link: Jim Mazza,"2024-12-13 North Charleston Coliseum & Performing Arts Center (North Charleston, SC) | 2024-12-14 North Charleston Coliseum & Performing Arts Center (North Charleston, SC)",
328216,Goose Fall Tour 24 Gipple - 1st,2024 Fall Tour,*multiple venue tour poster,no parseable event date,,2024 Fall
328123,Goose St. Augustine 24 Perez - 1st,"November 1-2, 2024","St. Augustine Amp - St. Augustine, FL",no instagram link: Derek Perez,"2024-11-01 The St. Augustine Amphitheatre (St. Augustine, FL) | 2024-11-02 The St. Augustine Amphitheatre (St. Augustine, FL)",
328090,Goose Miami Beach 24 Powers - 1st,"October 29-30, 2024","Fillmore Miami Beach - Miami Beach, FL",no instagram link: Max Powers,"2024-10-29 The Fillmore Miami Beach (Miami Beach, FL) | 2024-10-30 The Fillmore Miami Beach (Miami Beach, FL)",
328087,Goose Miami Beach 24 Morlan - 1st,"October 29-30, 2024","Fillmore Miami Beach - Miami Beach, FL",no instagram link: Garrett Maurer Morlan,"2024-10-29 The Fillmore Miami Beach (Miami Beach, FL) | 2024-10-30 The Fillmore Miami Beach (Miami Beach, FL)",
327984,Goose Nashville 24 Loeffler - 1st,"October 24, 2024","Ascend Amphitheater - Nashville, TN",no instagram link: Max Loeffler,"2024-10-24 Ascend Amphitheater (Nashville, TN)",
327925,Goose Winston-Salem / Birmingham 24 Leaming - 1st,"October 25-26, 2024","Lawrence Joel VMC - Winston-Salem, NC | Avondale Brewing Company Birmingham AL",no instagram link: Alex Leaming,"2024-10-25 Lawrence Joel Veterans Memorial Coliseum (Winston-Salem, NC) | 2024-10-26 Avondale Brewing Company (Birmingham, AL)",
327211,Goose Bonner 24 Kramer - 1st,"September 19-20, 2024","Kettlehouse Amphitheater - Bonner, MT",no instagram link: Jeremy Kramer,"2024-09-19 KettleHouse Amphitheater (Bonner-West Riverside, MT) | 2024-09-20 KettleHouse Amphitheater (Bonner-West Riverside, MT)",
327129,Goose Magna 24 Decker - 1st,"September 17, 2024","Great Saltair, The - Magna, UT",no instagram link: Matt Decker,"2024-09-17 The Great Saltair III (Magna, UT)",
327096,Goose Waukee 24 Mikaela - 1st,"September 15, 2024","Vibrant Music Hall - Waukee, IA",no instagram link: Jane Mikaela,"2024-09-15 Vibrant Music Hall (Waukee, IA)",
327017,Goose Chicago N2 24 Grzeca - 1st,"September 12, 2024","The Salt Shed, Chicago IL",no instagram link: Dan Grzeca,"2024-09-12 The Salt Shed (Chicago, IL)",
326649,Goose London 23 Wakefield - 1st,2023-11-19,"Electric Ballroom - London, GBR",unassigned — no show or tour; no parseable event date; no instagram link: Tim Wakefield,,
326535,Goose Saratoga Springs 24 Tortuga Design Studios - 1st,"September 6-7, 2024","Saratoga Performing Arts Center (SPAC) - Saratoga Springs, NY",no instagram link: Tortuga Design Studios,"2024-09-06 Broadview Stage at SPAC (Saratoga Springs, NY) | 2024-09-07 Broadview Stage at SPAC (Saratoga Springs, NY)",
326516,Goose Boston N2 24 Wagers - 1st,"September 3, 2024","MGM Music Hall at Fenway Park, Boston MA",no instagram link: Charlie Wagers,"2024-09-03 MGM Music Hall at Fenway (Boston, MA)",
325281,Goose Hot Tea 24 Pollock - Red,,,unassigned — no show or tour; no parseable event date,,
325002,Goose Philadelphia 24 Spusta - 1st,"June 28, 2024","Mann Center - Philadelphia, PA",no instagram link: Marq Spusta,"2024-06-28 TD Pavilion at The Mann (Philadelphia, PA)",
324500,Goose Atlanta N1 24 Mazza - Show,"June 20, 2024","Fox Theatre - Atlanta, GA",no instagram link: Jim Mazza,"2024-06-20 Fox Theatre (Atlanta, GA)",
324325,Goose Canandaigua 24 Cohen - 1st,"June 15, 2024","CMAC Performing Arts Center - Canandaigua, NY",no instagram link: Evan Cohen,"2024-06-15 Constellation Brands – Marvin Sands Performing Arts Center (Canandaigua, NY)",
324260,Goose Indianapolis 24 Stiles - 1st,"June 12, 2024","White River State Park - Indianapolis, IN",no instagram link: Daniel Stiles,"2024-06-12 Everwise Amphitheater at White River State Park (Indianapolis, IN)",
324217,Goose Omaha 24 Lyons - 1st,"June 10, 2024","SteelHouse, Omaha NE",no instagram link: Chris Lyons,"2024-06-10 Steelhouse Omaha (Omaha, NE)",
324134,Goose St. Louis N2 24 Schaw - 1st,"June 4-5, 2024","The Factory, St.Louis MO",no instagram link: Peter Schaw,"2024-06-04 The Factory (Chesterfield, MO) | 2024-06-05 The Factory (Chesterfield, MO)",
323868,Goose Chillicothe 24 Kramer - 1st,"May 24-26, 2024","Three Sisters Park - Chillicothe, IL",no instagram link: Jeremy Kramer,"2024-05-26 Three Sisters Park (Chillicothe, IL)",
323426,Goose Wilton 24 McGeehan - 1st,"April 24, 2024","Wilton High School, Wilton CT",2 shows on 2024-04-24,"2024-04-24 Wilton High School (Clune Auditorium) (Wilton, CT) | 2024-04-24 Wilton High School (Clune Auditorium) (Wilton, CT)",
323322,Goose Wilton 24 Huang - 1st,"April 24, 2024","Wilton High School, Wilton CT",2 shows on 2024-04-24; no instagram link: Bernie Huang,"2024-04-24 Wilton High School (Clune Auditorium) (Wilton, CT) | 2024-04-24 Wilton High School (Clune Auditorium) (Wilton, CT)",
322814,Goose Red Dragonfly Hat Pin 23 - Red,,,unassigned — no show or tour; no parseable event date; no instagram link: Goose,,
322813,Goose GooseSprout Pin 23 - Rainbow Glow,,,unassigned — no show or tour; no parseable event date; no instagram link: Goose,,
321733,Goose Goosemas VIII Pin 23 - Blue Venue,Goosemas VIII,,unassigned — no show or tour; no parseable event date; no instagram link: Goose,,
321423,Goose Hampton Space Badge 23 Mate - Sticker,"December 8-9, 2023",,no instagram link: Riley Mate,"2023-12-08 Hampton Coliseum (Hampton, VA) | 2023-12-09 Hampton Coliseum (Hampton, VA)",
320253,Goose Kansas City [Sticker] 22 Lange - 1st,2022-10-11,"Midland Theater - Kansas City, MO",unassigned — no show or tour; no parseable event date; no instagram link: KC Lange,,
320008,Goose Hampton 23 Tatum - 1st,"December 8-9, 2023","Hampton Coliseum - Hampton, VA",no instagram link: Hannah Tatum,"2023-12-08 Hampton Coliseum (Hampton, VA) | 2023-12-09 Hampton Coliseum (Hampton, VA)",
319314,Goose Bristol 23 Rassi - Regular,"November 18, 2023","Thekla - Bristol, GBR",no instagram link: Jessica Rassi,"2023-11-18 Thekla (Bristol, GBR)",
319179,Goose European Tour II 23 Millward - 1st,2023 European Tour Leg 2,*multiple venue tour poster,unassigned — no show or tour; no parseable event date,,
319178,Goose Glasgow 23 Malleus - 1st,"November 15, 2023","Barras Art and Design, Glasgow SCO",no instagram link: Malleus,"2023-11-15 Barras Art and Design (Glasgow, GBR)",
319162,Goose Brussels 23 Hanke - 1st,"November 13, 2023","Ab Club - Brussels, BEL",no instagram link: Alexander Hanke,"2023-11-13 Ancienne Belgique (Brussels, BEL)",
319087,Goose Copenhagen 23 Ahmed - 1st,"November 9, 2023","Hotel Cecil, Copenhagen Denmark",no instagram link: Bassant Ahmed,"2023-11-09 Hotel Cecil (Copenhagen, DNK)",
318877,Goose European Tour I 23 Loeffler - 1st,2023 European Tour Leg 1,*multiple venue tour poster,unassigned — no show or tour; no parseable event date; no instagram link: Max Loeffler,,
318817,Goose GOOOOSE Sticker Sheet 23 - 1st,Fall Tour 2023,*multiple venues,tour matched fuzzily: '2023 Fall'; no parseable event date; no instagram link: Goose,,2023 Fall
318816,Goose Bubble Text Sticker 23 Morlan - 1st,Fall Tour 2023,*multiple venues,tour matched fuzzily: '2023 Fall'; no parseable event date; no instagram link: Garrett Maurer Morlan,,2023 Fall
318815,Goose Caricature Koozie 23 Morlan - 1st,Fall Tour 2023,*multiple venues,tour matched fuzzily: '2023 Fall'; no parseable event date; no instagram link: Garrett Maurer Morlan,,2023 Fall
318515,Goose Flagstaff 23 Loeffler - Web,"October 3, 2023","Pepsi Amphiteater - Flagstaff, AZ",no instagram link: Max Loeffler,"2023-10-03 Pepsi Amphitheater (Flagstaff, AZ)",
318382,Goose CAMP Koozie 23 - 1st,,,unassigned — no show or tour; no parseable event date; no instagram link: Goose,,
318381,Goose Back to School Set 21 - 1st,,,unassigned — no show or tour; no parseable event date; no instagram link: Goose,,
318380,Goose Strange Man Figurine 21 - 1st,,,unassigned — no show or tour; no parseable event date; no instagram link: Goose,,
318379,Goose Globe Bandana 22 - 1st,Summer Tour 2022,*multiple venues,tour matched fuzzily: '2022 Summer'; no parseable event date; no instagram link: Goose,,2022 Summer
318378,Goose Spring Tour Tote 23 - 1st,Spring Tour 2023,*multiple venues,tour matched fuzzily: '2023 Spring'; no parseable event date,,2023 Spring
318377,Goose Ferris Wheel Blanket 23 - 1st,Fall Tour 2023,*multiple venues,tour matched fuzzily: '2023 Fall'; no parseable event date; no instagram link: Goose,,2023 Fall
318376,Goose Woven Blanket 20 Deas - 1st,,,unassigned — no show or tour; no parseable event date,,
318375,Goose Humbles™ Nalgene Bottle 22 - 1st,,,unassigned — no show or tour; no parseable event date; no instagram link: Goose,,
318372,Goose Ceramic Mug 20 - 1st,,,unassigned — no show or tour; no parseable event date; no instagram link: Goose,,
318369,Goose Scarves 20 - 1st,,,unassigned — no show or tour; no parseable event date; no instagram link: Goose,,
318367,Goose Air Freshener 20 - 1st,,,unassigned — no show or tour; no parseable event date; no instagram link: Goose,,
318363,Goose Bumper Sticker 20 - 1st,,,unassigned — no show or tour; no parseable event date; no instagram link: Goose,,
318362,Goose Orange Logo Sticker 20 - 1st,,,unassigned — no show or tour; no parseable event date; no instagram link: Goose,,
318361,Goose Goo Sticker 20 - 1st,,,unassigned — no show or tour; no parseable event date; no instagram link: Goose,,
318359,Goose Script Logo Drink Cooler 19 - 1st,,,unassigned — no show or tour; no parseable event date; no instagram link: Goose,,
318357,Goose Coach Sticker 20 - 1st,,,unassigned — no show or tour; no parseable event date; no instagram link: Goose,,
318356,GooseTweekz Sticker 20 - 1st,,,unassigned — no show or tour; no parseable event date; no instagram link: Goose,,
318355,Goose Handini Sticker 20 - 1st,,,unassigned — no show or tour; no parseable event date; no instagram link: Goose,,
318354,Goose Ben Sticker 20 - 1st,,,unassigned — no show or tour; no parseable event date; no instagram link: Goose,,
318344,Goose Hungersite Vinyl Slipmat 22 - 1st,,,unassigned — no show or tour; no parseable event date; no instagram link: Goose,,
318338,Goose Playing Cards 19 Lovering - 1st,,,unassigned — no show or tour; no parseable event date,,
318337,Goose Goosemas IV 17 Thresher - 1st,Goosemas IV 2017,Factory Underground,"unassigned — no show or tour; no parseable event date; no instagram link: Goose, Will Thresher",,
318336,Goose Cherry Wood Logo Sign 20 Parry - 1st,,,"unassigned — no show or tour; no parseable event date; no instagram link: Goose, Matthew Parry",,
318335,Goose Summer Tour Poster 18 - 1st,2018 Goose,*multiple venue tour poster,tour matched fuzzily: '2018 Summer'; no parseable event date; no instagram link: Goose,,2018 Summer
318224,Goose Fall-Autumn Rising Foil Tour Poster  23 Blomerth - 1st,,*multiple venue tour poster,unassigned — no show or tour; no parseable event date,,
317971,Goose Champions Koozie 23 - 1st,Goose Spring Tour 2023,*multiple venues,tour matched fuzzily: '2023 Spring'; no parseable event date; no instagram link: Goose,,2023 Spring
317928,Goose Spokane 23 Helton - 1st,"September 22, 2023","Riverfront Park Pavilion - Spokane, WA","venue mismatch on 2023-09-22: EB=['park', 'riverfront', 'pavilion'] db=KettleHouse Amphitheater","2023-09-22 KettleHouse Amphitheater (Bonner-West Riverside, MT)",
317856,Goose Undecided Print 22 Rosenstock - Vinyl,,,unassigned — no show or tour; no parseable event date,,
317854,Goose Salt Lake City 23 Schaw - 1st,"September 20, 2023","Red Butte Garden - Salt Lake City, UT",no instagram link: Peter Schaw,"2023-09-20 Red Butte Garden Amphitheatre (Salt Lake City, UT)",
317827,Goose Thornville [Uncut] 22 Morlan - Web,06/10-11/2022,"Legend Valley - Thornville, OH",no instagram link: Garrett Maurer Morlan,"2022-06-10 Legend Valley (Thornville, OH) | 2022-06-11 Legend Valley (Thornville, OH)",
317820,Goose Thornville N2 22 Morlan - Web,,"Legend Valley - Thornville, OH",unassigned — no show or tour; no parseable event date; no instagram link: Garrett Maurer Morlan,,
317814,Goose Thornville N1 22 Morlan - Web,,"Legend Valley - Thornville, OH",unassigned — no show or tour; no parseable event date; no instagram link: Garrett Maurer Morlan,,
317762,Goose Milwaukee 23 Mazza - 1st,"September 17, 2023","Miller High Life Theatre - Milwaukee, WI",no instagram link: Jim Mazza,"2023-09-17 Miller High Life Theatre (Milwaukee, WI)",
317566,"Goose Autumn Crossing 12"" Vinyl EP 23 - 1st",,,unassigned — no show or tour; no parseable event date; no instagram link: *Unknown,,
317533,"Goose Radio City Music Hall New York, NY 12-LP Box Set 22 - 1st",06/24/2022 - 06/25/2022,"Radio City Music Hall - New York City, NY",no instagram link: *Unknown,"2022-06-24 Radio City Music Hall (New York, NY) | 2022-06-25 Radio City Music Hall (New York, NY)",
317526,The el Goose Times Vol. 6 Summer 22 - 1st,Summer 2022,*multiple venues,tour matched fuzzily: '2022 Summer'; no parseable event date; no instagram link: Jon Caruso,,2022 Summer
317521,The el Goose Times Vol. 10 Fall 23 - 1st,Fall Tour 2023,*multiple venues,tour matched fuzzily: '2023 Fall'; no parseable event date; no instagram link: Jon Caruso,,2023 Fall
317519,The el Goose Times Vol. 9 Summer 23 - 1st,Summer 2023,*multiple venues,tour matched fuzzily: '2023 Summer'; no parseable event date; no instagram link: Jon Caruso,,2023 Summer
317518,The el Goose Times Vol. 8 Spring 23 - 1st,Spring 2023,*multiple venues,tour matched fuzzily: '2023 Spring'; no parseable event date; no instagram link: Jon Caruso,,2023 Spring
317517,The el Goose Times Capitol Theatre Special Edition Winter 23 - 1st,Capitol Theatre,"Capitol Theatre - Port Chester, NY",unassigned — no show or tour; no parseable event date; no instagram link: Jon Caruso,,
317516,"The el Goose Times ""TABoose"" Tour Fall 22 - 1st","""TABoose"" Tour, Fall 2022",,tour matched fuzzily: '2022 Fall Taboose'; no parseable event date; no instagram link: Jon Caruso,,2022 Fall Taboose
317515,The el Goose Times Vol. 7 Fall 22 - 1st,Fall 2022,*multiple venues,tour matched fuzzily: '2022 Fall'; no parseable event date; no instagram link: Jon Caruso,,2022 Fall
317514,The el Goose Times Vol. 5 Spring/Summer 22 - 1st,Spring/Summer 2022,*multiple venues,tour matched fuzzily: '2022 Spring'; no parseable event date; no instagram link: Jon Caruso,,2022 Spring
317513,The el Goose Times Vol. 4 Winter (March) 22 - 1st,Winter (March) tour 2022,*multiple venues,tour matched fuzzily: '2022 Winter'; no parseable event date; no instagram link: Jon Caruso,,2022 Winter
317510,The el Goose Times Goosemas VIII 21 - 1st,Goosemas VIII (December 2021/February 2022),,unassigned — no show or tour; no parseable event date; no instagram link: Jon Caruso,,
317509,The el Goose Times Vol. 3 October 21 - 1st,Fall Tour 2021,*multiple venues,tour matched fuzzily: '2021 Fall'; no parseable event date; no instagram link: Jon Caruso,,2021 Fall
317508,The el Goose Times Fred the Festival Special Edition 21 - 1st,Fred the Festival,"Lockn' Farm - Arrington, VA",unassigned — no show or tour; no parseable event date; no instagram link: Jon Caruso,,
317507,The el Goose Times Vol. 2 June 21 - 1st,June 2021 tour,*multiple venues,unassigned — no show or tour; no parseable event date; no instagram link: Jon Caruso,,
317506,The el Goose Times Vol. 1 May 21 - 1st,May 2021 tour,*multiple venues,unassigned — no show or tour; no parseable event date; no instagram link: Jon Caruso,,
317493,Goose Boston 23 Perez - Concert,"September 13-14, 2023","Leader Bank Pavilion - Boston, MA",no instagram link: Derek Perez,"2023-09-13 Leader Bank Pavilion (Boston, MA) | 2023-09-14 Leader Bank Pavilion (Boston, MA)",
316927,Goose Lady Goose 22 Levy - Moon Foil Poster,,,unassigned — no show or tour; no parseable event date; no instagram link: Joshua Marc Levy,,
316917,Goose Burlington 22 Smith - Show,,"The Lawn at Midway, Burlington, VT",unassigned — no show or tour; no parseable event date,,
315592,Goose Portland 23 Tatum - 1st,"July 6, 2023","Thompson's Point - Portland, ME",no instagram link: Hannah Tatum,"2023-07-06 Thompson's Point (Portland, ME)",
315117,Goose Louisville 23 Powers - 1st,"June 22-23, 2023","Louisville Palace - Louisville, KY",no instagram link: Max Powers,"2023-06-22 Louisville Palace Theatre (Louisville, KY) | 2023-06-23 Louisville Palace Theatre (Louisville, KY)",
315061,Goose Chicago 23 Banda - 1st,"June 21, 2022","Chicago Theatre - Chicago, IL",no qualifying show on 2022-06-21; unassigned — no show or tour,,
315036,Goose Louisville 23 Mazza - 1st,"June 22-23, 2022","Palace Theater, The - Louisville, KY",no qualifying show in range 2022-06-22..2022-06-23; unassigned — no show or tour; no instagram link: Jim Mazza,,
313855,Goose New Orleans 23 Jaxtheimer - 1st,"May 2-3, 2023","Faubourg Brewery, New Orleans LA",no instagram link: Christian Jaxtheimer,"2023-05-02 Faubourg Brewing Co. (New Orleans, LA) | 2023-05-03 Faubourg Brewing Co. (New Orleans, LA)",
313772,Goose San Francisco 23 Lil Tuffy - 1st,"March 27-28, 2023","Warfield Theatre - San Francisco, CA",no instagram link: Lil Tuffy,"2023-03-28 Georgia Theatre (Athens, GA)",
313735,Goose San Diego 23 Spusta - Concert,"March 29, 2023","Cal Coast Theatre - San Diego, CA",no qualifying show on 2023-03-29; unassigned — no show or tour; no instagram link: Marq Spusta,,
313676,Goose San Francisco N1 23 Zoltron - 1st,"March 27, 2023","Warfield Theatre - San Francisco, CA",no qualifying show on 2023-03-27; unassigned — no show or tour,,
313571,Goose Boise 23 Triscari - 1st,"April 21, 2023","Knitting Factory House - Boise, ID",no instagram link: Joe Triscari,"2023-04-21 Knitting Factory Boise (Boise, ID)",
313374,Goose Chicago N2 23 Landland - Concert,"April 15, 2023","The Salt Shed, Chicago IL",no instagram link: Landland,"2023-04-15 The Salt Shed (Chicago, IL)",
313371,Goose Chicago N1 23 Landland - Concert,"April 14, 2023","The Salt Shed, Chicago IL",no instagram link: Landland,"2023-04-14 The Salt Shed (Chicago, IL)",
313203,Goose Nashville N3 23 Hatch / Martin - 1st,"April 1, 2023","Ryman Auditorium - Nashville, TN",no instagram link: Hatch Show Print,"2023-04-01 Ryman Auditorium (Nashville, TN)",
313193,Goose Nashville N2 23 Hatch / Martin - 1st,"March 31, 2023","Ryman Auditorium - Nashville, TN",no instagram link: Hatch Show Print,"2023-03-31 Ryman Auditorium (Nashville, TN)",
313140,Goose Nashville N1 23 Hatch / Martin - 1st,"March 30, 2023","Ryman Auditorium - Nashville, TN",no instagram link: Hatch Show Print,"2023-03-30 Ryman Auditorium (Nashville, TN)",
313068,Goose Athens 23 Ryan - Concert,"March 28, 2023","Georgia Theatre - Athens, GA",no instagram link: Jay Ryan,"2023-03-28 Georgia Theatre (Athens, GA)",
312039,"Goose 2022.12.31 Cincinnati, OH 22 - Vinyl",12-31-2022,"Andrew J Brady Music Center - Cincinnati, OH",no instagram link: *Unknown,"2022-12-31 The Andrew J Brady Music Center (Cincinnati, OH)",
311784,Goose Alive and Well 4-LP Vinyl 20 - Non Deluxe,,,unassigned — no show or tour; no parseable event date; no instagram link: *Unknown,,
311779,Goose Shenanigans Night Club Vinyl 21 - Galaxy,,,unassigned — no show or tour; no parseable event date; no instagram link: *Unknown,,
311616,"Goose 11.16.2019 Buffalo, NY Compilation Vinyl 21 - Vinyl",,,unassigned — no show or tour; no parseable event date; no instagram link: *Unknown,,
311614,Goose Ted Tapes Vinyl 21 - 1st,,,unassigned — no show or tour; no parseable event date; no instagram link: *Unknown,,
311609,Goose Dripfield Vinyl  22 - Pink Marble,,,unassigned — no show or tour; no parseable event date; no instagram link: *Unknown,,
311529,Goose Undecided Vinyl 22 - Orange & Green Liquid,,,unassigned — no show or tour; no parseable event date; no instagram link: *Unknown,,
311455,Goose Pittsburgh 22 Besch - Show,,"Stage AE - Pittsburgh, PA",unassigned — no show or tour; no parseable event date,,
311445,Goose Dillon / Morrison [Uncut] 22 Blankenship - Show,,"Red Rocks Amphitheatre - Morrison, CO | Dillon Amphitheater - Dillon, CO",unassigned — no show or tour; no parseable event date,,
311442,Goose Las Vegas / Los Angeles 22 Gonzalez - Show,,"Greek Theatre - Los Angeles, CA | Brooklyn Bowl - Las Vegas, NV",unassigned — no show or tour; no parseable event date,,
311440,Goose Fayetteville / OKC 22 Loeffler - Show,,*multiple venues,unassigned — no show or tour; no parseable event date; no instagram link: Max Loeffler,,
311431,Goose Mission Ballroom 21 Leaming - Paper,11/21-22/2021,"Mission Ballroom - Denver, CO",no instagram link: Alex Leaming,"2021-11-21 The Mission Ballroom (Denver, CO) | 2021-11-22 The Mission Ballroom (Denver, CO)",
310767,Goose Cincinnati 22 Schaw - Show,"December 30-31, 2022","Andrew J Brady Music Center - Cincinnati, OH",no instagram link: Peter Schaw,"2022-12-30 The Andrew J Brady Music Center (Cincinnati, OH) | 2022-12-31 The Andrew J Brady Music Center (Cincinnati, OH)",
310710,Trey Anastasio Band / Goose Reading 22 Not Pollock - 1st,11/19/22,"Santander Arena - Reading, PA",no instagram link: Not Pollock,"2022-11-19 Santander Arena (Reading, PA)",
310608,Goose Boulder 22 Stiles - 1st,"December 18, 2022","Fox Theatre - Boulder, CO",no instagram link: Daniel Stiles,"2022-12-18 The Fox Theatre (Boulder, CO)",
310603,Goose Summer Tour 17 Helton - 1st,,,unassigned — no show or tour; no parseable event date,,
310334,Goose 18 Lovering - 1st,2018 Goose,,unassigned — no show or tour; no parseable event date,,
310318,Goose Atlanta [Uncut] 22 Biffle - 1st,10/01/2022 - 10/02/2022,"Pullman Yards - Atlanta, GA",no instagram link: Richard Biffle,"2022-10-01 Pullman Yards (Atlanta, GA) | 2022-10-02 Pullman Yards (Atlanta, GA)",
310314,Goose Kansas City 22 Jaxtheimer - Show,10/11/2022,"Arvest Bank Theater - Kansas City, MO",no instagram link: Christian Jaxtheimer,"2022-10-11 The Midland Theatre (Kansas City, MO)",
310013,Trey Anastasio Band / Goose Reading  22 Winters - 1st,"November 19, 2022","Santander Arena - Reading, PA",no instagram link: N.C. Winters,"2022-11-19 Santander Arena (Reading, PA)",
309991,Trey Anastasio Band / Goose Syracuse 22 Tatum - 1st,"November 18, 2022",War Memorial Oncenter - Syracuse NY,no instagram link: Hannah Tatum,"2022-11-18 Upstate Medical Arena at The Oncenter War Memorial (Syracuse, NY)",
309713,Trey Anastasio Band / Goose 22 Pollock - 1st,2022 Fall Tour,*multiple venue tour poster,no parseable event date,,2022 Fall
309607,Trey Anastasio Band / Goose Fall Tour 22 Kloc - 1st,,*multiple venue tour poster,unassigned — no show or tour; no parseable event date,,
309502,Goose Kansas City 22 Lange - 1st,2022-10-11,"Midland Theater - Kansas City, MO",unassigned — no show or tour; no parseable event date; no instagram link: KC Lange,,
309304,Goose Dallas 22 Mazza - 1st,"October 15, 2022","Southside Ballroom - Dallas, TX",no instagram link: Jim Mazza,"2022-10-15 South Side Ballroom (Dallas, TX)",
308856,Goose Richmond 22 Medel - 1st,"September 29-30, 2022","National, The - Richmond, VA",no instagram link: David Medel,"2022-09-29 The National (Richmond, VA) | 2022-09-30 The National (Richmond, VA)",
308477,Goose Dillon N2 22 Blankenship - 1st,,"Red Rocks Amphitheatre - Morrison, CO",unassigned — no show or tour; no parseable event date,,
308476,Goose Dillon N1 22 Blankenship - 1st,,"Dillon Amphitheater - Dillon, CO",unassigned — no show or tour; no parseable event date,,
308128,Goose Los Angeles 22 Munk One - 1st,,"Greek Theatre - Los Angeles, CA",unassigned — no show or tour; no parseable event date,,
307875,Goose Columbia 22 Race - Show,"August 12-13, 2022",Chrysalis Pavilion Columbia MD,no instagram link: Bailey Race,"2022-08-12 The Chrysalis (Columbia, MD) | 2022-08-13 The Chrysalis (Columbia, MD)",
306482,Goose Indianapolis 22 Schaw - Show,,"White River State Park - Indianapolis, IN",unassigned — no show or tour; no parseable event date; no instagram link: Peter Schaw,,
306282,Goose Lewiston 22 BioWorkZ - 1st,,"Artpark - Lewiston, NY",unassigned — no show or tour; no parseable event date,,
305685,Goose Asheville 22 Not Pollock - 1st,4/29/2022,"Salvage Station - Asheville, NC",no instagram link: Not Pollock,"2022-04-29 Salvage Station (Asheville, NC)",
304247,Goosemas Uncasville 22 Mahn - Show,2022-02-26,"Mohegan Sun Arena - Uncasville, CT",unassigned — no show or tour; no parseable event date,,
304138,Goose Charlotte 22 Wilcox - Show,2022-03-03,"Fillmore, The - Charlotte, NC",unassigned — no show or tour; no parseable event date; no instagram link: Jonathan Wilcox,,
303569,Goose MT MN WI KY [Uncut] 22 Mahn - Green,,"First Avenue -  Minneapolis, MN | Sylvee, The - Madison, WI | Elm, The - Bozeman, MT | Old Forester's Pa. Hall - Louisville, KY",unassigned — no show or tour; no parseable event date,,
303539,Goose Bend / Portland / Seattle [Uncut] 22 Fant - 1st,,*multiple venues,unassigned — no show or tour; no parseable event date,,
303536,Goose Portland / Seattle 22 Fant - Green,,"Wonder Ballroom - Portland, OR | Neptune Theatre - Seattle, WA",unassigned — no show or tour; no parseable event date,,
303435,Goose San Francisco 22 ZazzCorp - Web Purple,,,unassigned — no show or tour; no parseable event date,,
303434,Goose Bend / Portland 22 Fant - Green,,"Midtown, The - Bend, OR | Wonder Ballroom - Portland, OR",unassigned — no show or tour; no parseable event date,,
303317,Goose Shenanigans Strange Man Mood Cup 21 - 1st,Goose Shenanigans Strange Man Mood Cup 21,,unassigned — no show or tour; no parseable event date; no instagram link: Goose,,
302993,Goose The Relix Sessions Vinyl 21 - 1st,03/19/2019,,no instagram link: *Unknown,"2019-03-19 Relix Media Group (New York, NY)",
302912,Goose New York City N2 21 Race - 1st,Goose Terminal 5 2021,"Terminal 5 - New York City, NY",unassigned — no show or tour; no parseable event date; no instagram link: Bailey Race,,
302909,Goose New York City N1 21 Race - 1st,Goose Terminal 5 2021,"Terminal 5 - New York City, NY",unassigned — no show or tour; no parseable event date; no instagram link: Bailey Race,,
302908,Goose New York City [Uncut] 21 Race - 1st,Goose Terminal 5 2021,"Terminal 5 - New York City, NY",unassigned — no show or tour; no parseable event date; no instagram link: Bailey Race,,
302891,Goose NYC 20 Steely - Rainbow Foil,2020-12-11 Goosemas 7,,unassigned — no show or tour; no parseable event date,,
302887,Goose Denver N2 21 Mazza - Regular,,"Mission Ballroom - Denver, CO",unassigned — no show or tour; no parseable event date; no instagram link: Jim Mazza,,
302884,Goose Denver N1 21 Mazza - Regular,"Goose Denver,CO","Mission Ballroom - Denver, CO",unassigned — no show or tour; no parseable event date; no instagram link: Jim Mazza,,
302878,Goose Relix Session 21 Steely - 1st,,,unassigned — no show or tour; no parseable event date,,
302877,Goose Denver [Uncut] 21 Mazza - 1st,,"Mission Ballroom - Denver, CO",unassigned — no show or tour; no parseable event date; no instagram link: Jim Mazza,,
302871,Goose Shenanigans 21 Flames - Regular,Goose Shenanigans Movie Poster 2021,,unassigned — no show or tour; no parseable event date,,
301815,Goose Swanzey / New Haven 21 Powers - 1st,"2021-06-11, 2021-06-12, 2021-06-13","Westville Music Bowl - New Haven, CT | Northlands - Swanzey, NH",unassigned — no show or tour; no parseable event date; no instagram link: Max Powers,,
301656,Goose Dallas OKC KC 21 Minsloff - Regular,11/13/2021-11/17/2021,"The HiFi Dallas - Dallas, TX | Truman, The - Kansas City, MO | Tower Theatre, The - Oklahoma City, OK",no instagram link: Ivan Minsloff,"2021-11-13 The Echo Lounge & Music Hall (Dallas, TX) | 2021-11-16 Tower Theatre (Oklahoma City, OK) | 2021-11-17 The Truman (Kansas City, MO)",
301172,Goose Worcester 21 Blomerth - Natural,2021-10-30 - 2021-10-31,"Palladium, The - Worcester, MA",unassigned — no show or tour; no parseable event date,,
299627,Goose OH NC MD 20 Subject Matter Studio - Regular,,*multiple venues,unassigned — no show or tour; no parseable event date; no instagram link: Drew Findley,,
299378,Goose Summer Tour 21 Lovering - Show,,*multiple venue tour poster,unassigned — no show or tour; no parseable event date,,
299365,Goose Norwalk 19 Lovering - 1st,2019-12-21 Goosemas 6,"Wall Street Theater - Norwalk, CT",unassigned — no show or tour; no parseable event date,,
297455,Goose Winter Tour 20 Subject Matter Studio - Blue,,*multiple venue tour poster,unassigned — no show or tour; no parseable event date; no instagram link: Drew Findley,,
291243,Goose 20 Not Pollock - Fire OG,11/6-11/7,"South Farms - Morris, CT",no instagram link: Not Pollock,"2020-11-06 South Farms (Morris, CT) | 2020-11-07 South Farms (Morris, CT)",
291046,Goose Swanzey 20 Levy - 1st,,"Cheshire Fairgrounds - Swanzey, NH",unassigned — no show or tour; no parseable event date; no instagram link: Joshua Marc Levy,,
290232,"Goose, New York 20 Levy - 1st",,*multiple venue tour poster,unassigned — no show or tour; no parseable event date; no instagram link: Joshua Marc Levy,,
290176,Goose Fall Tour 19 Lovering - 1st,,*multiple venue tour poster,unassigned — no show or tour; no parseable event date,,
289294,Goose Morris 20 Deas - Foil,2020-09-16 - 2020-09-17,"South Farms - Morris, CT",unassigned — no show or tour; no parseable event date,,
285719,Composition in Black & Cobra Chicken 20 Not Pollock - 1st,,,unassigned — no show or tour; no parseable event date; no instagram link: Not Pollock,,
280981,Goose Colorado Fall 19 Santor - 1st,,*multiple venue tour poster,unassigned — no show or tour; no parseable event date; no instagram link: Ty Santor,,
280975,Goose Midwest Fall 19 Santor - Green,,*multiple venue tour poster,unassigned — no show or tour; no parseable event date; no instagram link: Ty Santor,,
280207,Goose Wilkes-Barre 19 Not Pollock - Pink,Goose Live and Sold-Out Show at The River Street Jazz Cafe,"River Street Cafe - Plains, PA",unassigned — no show or tour; no parseable event date; no instagram link: Not Pollock,,
341075,Goose Saratoga Springs 26 Loeffler - Foil,"July 3-4, 2026","Saratoga Performing Arts Center (SPAC) - Saratoga Springs, NY",no instagram link: Max Loeffler,"2026-07-03 Albany Med Health System at SPAC (Saratoga Springs, NY) | 2026-07-04 Albany Med Health System at SPAC (Saratoga Springs, NY)",
340968,Goose Saratoga Springs 26 Schaw - Foil,"July 3-4, 2026","Saratoga Performing Arts Center (SPAC) - Saratoga Springs, NY",no instagram link: Peter Schaw,"2026-07-03 Albany Med Health System at SPAC (Saratoga Springs, NY) | 2026-07-04 Albany Med Health System at SPAC (Saratoga Springs, NY)",
340823,Goose Charleston 26 Mazza - Foil,"June 23-24, 2026","Firefly Distillery - Charleston, SC",no instagram link: Jim Mazza,"2026-06-23 Firefly Distillery (North Charleston, SC) | 2026-06-24 Firefly Distillery (North Charleston, SC)",
340824,Goose Charleston 26 Mazza - Artist,"June 23-24, 2026","Firefly Distillery - Charleston, SC",no instagram link: Jim Mazza,"2026-06-23 Firefly Distillery (North Charleston, SC) | 2026-06-24 Firefly Distillery (North Charleston, SC)",
340825,Goose Charleston 26 Mazza - Artist Foil,"June 23-24, 2026","Firefly Distillery - Charleston, SC",no instagram link: Jim Mazza,"2026-06-23 Firefly Distillery (North Charleston, SC) | 2026-06-24 Firefly Distillery (North Charleston, SC)",
340800,Goose Virginia Beach 26 Landland - Artist,"June 15-16, 2026","Dome, The - Virginia Beach, VA",no instagram link: Landland,"2026-06-15 The Dome (Virginia Beach, VA) | 2026-06-16 The Dome (Virginia Beach, VA)",
340801,Goose Virginia Beach 26 Landland - Artist Foil,"June 15-16, 2026","Dome, The - Virginia Beach, VA",no instagram link: Landland,"2026-06-15 The Dome (Virginia Beach, VA) | 2026-06-16 The Dome (Virginia Beach, VA)",
340525,Goose New York City 26 Spusta - Foil,"June 19-20, 2026","Madison Square Garden - New York City, NY",no instagram link: Marq Spusta,"2026-06-19 Madison Square Garden (New York, NY) | 2026-06-20 Madison Square Garden (New York, NY)",
341171,Goose New York City 26 Spusta - Artist,"June 19-20, 2026","Madison Square Garden - New York City, NY",no instagram link: Marq Spusta,"2026-06-19 Madison Square Garden (New York, NY) | 2026-06-20 Madison Square Garden (New York, NY)",
341172,Goose New York City 26 Spusta - Artist Blue,"June 19-20, 2026","Madison Square Garden - New York City, NY",no instagram link: Marq Spusta,"2026-06-19 Madison Square Garden (New York, NY) | 2026-06-20 Madison Square Garden (New York, NY)",
341173,Goose New York City 26 Spusta - Artist Ice,"June 19-20, 2026","Madison Square Garden - New York City, NY",no instagram link: Marq Spusta,"2026-06-19 Madison Square Garden (New York, NY) | 2026-06-20 Madison Square Garden (New York, NY)",
341174,Goose New York City 26 Spusta - Artist Yellow / Green,"June 19-20, 2026","Madison Square Garden - New York City, NY",no instagram link: Marq Spusta,"2026-06-19 Madison Square Garden (New York, NY) | 2026-06-20 Madison Square Garden (New York, NY)",
340424,Goose Toronto 26 Morning Breath - 2nd,2026-06-13,"RBC Amphitheatre - Toronto, ON, CAN",unassigned — no show or tour; no parseable event date; no instagram link: Morning Breath,,
340425,Goose Toronto 26 Morning Breath - 3rd,2026-06-13,"RBC Amphitheatre - Toronto, ON, CAN",unassigned — no show or tour; no parseable event date; no instagram link: Morning Breath,,
340151,Goose Berlin 26 Loeffler - Foil,"June 3, 2026","Festsaal Kreuzberg - Berlin, GER",no instagram link: Max Loeffler,"2026-06-03 Festsaal Kreuzberg (Berlin, DEU)",
340084,Goose Cologne 26 Schwalbe - Foil,"May 30, 2026","Burgerhaus Stollwerk - Köln, GER","venue mismatch on 2026-05-30: EB=['burgerhaus', 'ger', 'stollwerk'] db=Bürgerhaus Stollwerck","2026-05-30 Bürgerhaus Stollwerck (Cologne, DEU)",
339978,Goose European Tour 26 Hacker - Foil,2026 European Tour,"Melkweg - Amsterdam, NED",unassigned — no show or tour; no parseable event date,,
339810,Goose San Jose Del Cabo 26 Andreawan - Foil,"May 9, 2026","El Gonzo Sculpture Garden - Los Cabos, MEX",2 shows on 2026-05-09,"2026-05-09 Hotel El Ganzo (San José del Cabo, MEX) | 2026-05-09 Hotel El Ganzo (San José del Cabo, MEX)",
339786,Goose San Jose Del Cabo 26 Caraza - Foil,"May 8, 2026","El Gonzo Sculpture Garden - Los Cabos, MEX",no instagram link: Karla Caraza,"2026-05-08 Hotel El Ganzo (San José del Cabo, MEX)",
339685,Goose San Jose Del Cabo 26 Nava - Foil,"May 7, 2026","El Gonzo Sculpture Garden - Los Cabos, MEX",2 shows on 2026-05-07; no instagram link: Joaquin Nava,"2026-05-07 Hotel El Ganzo (San José del Cabo, MEX) | 2026-05-07 Hotel El Ganzo (San José del Cabo, MEX)",
339683,Goose San Jose Del Cabo 26 Garcia - Foil,"May 7, 2026","El Gonzo Sculpture Garden - Los Cabos, MEX",2 shows on 2026-05-07,"2026-05-07 Hotel El Ganzo (San José del Cabo, MEX) | 2026-05-07 Hotel El Ganzo (San José del Cabo, MEX)",
339490,Goose Irving 26 Burwell - Foil,"April 25, 2026","The Pavilion at Toyota Music Factory, Irving TX",no instagram link: Guy Burwell,"2026-04-25 The Pavilion at Toyota Music Factory (Irving, TX)",
339395,Goose New Orleans 26 Mazza - Show Foil,"April 21-22, 2026","Saenger Theatre - New Orleans, LA",no instagram link: Jim Mazza,"2026-04-21 Saenger Theatre (New Orleans, LA) | 2026-04-22 Saenger Theatre (New Orleans, LA)",
339775,Goose New Orleans 26 Mazza - Artist,"April 21-22, 2026","Saenger Theatre - New Orleans, LA",no instagram link: Jim Mazza,"2026-04-21 Saenger Theatre (New Orleans, LA) | 2026-04-22 Saenger Theatre (New Orleans, LA)",
339776,Goose New Orleans 26 Mazza - Gold Foil,"April 21-22, 2026","Saenger Theatre - New Orleans, LA",no instagram link: Jim Mazza,"2026-04-21 Saenger Theatre (New Orleans, LA) | 2026-04-22 Saenger Theatre (New Orleans, LA)",
339777,Goose New Orleans 26 Mazza - Sparkle Foil,"April 21-22, 2026","Saenger Theatre - New Orleans, LA",no instagram link: Jim Mazza,"2026-04-21 Saenger Theatre (New Orleans, LA) | 2026-04-22 Saenger Theatre (New Orleans, LA)",
339213,Goose Asheville 26 Rushing - Foil,"April 10, 2026","Exploreasheville Arena - Asheville, NC",no instagram link: Taylor Rushing,"2026-04-10 ExploreAsheville.com Arena (Asheville, NC)",
339190,Goose Asheville 26 Tatum - Foil,"April 10, 2026","Exploreasheville Arena - Asheville, NC",no instagram link: Hannah Tatum,"2026-04-10 ExploreAsheville.com Arena (Asheville, NC)",
337736,Goose Flower Hand 24 - Blanket,Summer Tour 2024,*multiple venues,tour matched fuzzily: '2024 Summer'; no parseable event date; no instagram link: Goose,,2024 Summer
337719,Goose Reflection 24 - Koozie,Summer Tour 2024,*multiple venues,tour matched fuzzily: '2024 Summer'; no parseable event date; no instagram link: Goose,,2024 Summer
337710,Goose West Coast Tour 22 Berndt - 2nd,,"Marquee Theatre - Tempe, AZ",unassigned — no show or tour; no parseable event date; no instagram link: Simon Berndt,,
337711,Goose West Coast Tour 22 Berndt - 3rd,,"Marquee Theatre - Tempe, AZ",unassigned — no show or tour; no parseable event date; no instagram link: Simon Berndt,,
337712,Goose West Coast Tour 22 Berndt - 4th,,"Marquee Theatre - Tempe, AZ",unassigned — no show or tour; no parseable event date; no instagram link: Simon Berndt,,
337575,Goose Viva El Gonzo 25 - Cat Mandala Sticker,Viva El Gonzo Festival 5/8-11/2025,"San Jose, Del Cabo, Mexico",2 shows on 2025-05-10; no instagram link: Goose,"2025-05-08 Hotel El Ganzo (San José del Cabo, MEX) | 2025-05-09 Hotel El Ganzo (San José del Cabo, MEX) | 2025-05-10 Hotel El Ganzo (San José del Cabo, MEX) | 2025-05-10 Hotel El Ganzo (San José del Cabo, MEX)",
337576,Goose Viva El Gonzo 25 - Sol y Luna MiiR Water Bottle,Viva El Gonzo Festival 5/8-11/2025,"San Jose, Del Cabo, Mexico",2 shows on 2025-05-10; no instagram link: Goose,"2025-05-08 Hotel El Ganzo (San José del Cabo, MEX) | 2025-05-09 Hotel El Ganzo (San José del Cabo, MEX) | 2025-05-10 Hotel El Ganzo (San José del Cabo, MEX) | 2025-05-10 Hotel El Ganzo (San José del Cabo, MEX)",
337577,Goose Viva El Gonzo 25 - Sol y Luna Zip-Up Hoodie,Viva El Gonzo Festival 5/8-11/2025,"San Jose, Del Cabo, Mexico",2 shows on 2025-05-10; no instagram link: Goose,"2025-05-08 Hotel El Ganzo (San José del Cabo, MEX) | 2025-05-09 Hotel El Ganzo (San José del Cabo, MEX) | 2025-05-10 Hotel El Ganzo (San José del Cabo, MEX) | 2025-05-10 Hotel El Ganzo (San José del Cabo, MEX)",
337578,Goose Viva El Gonzo 25 - Sol y Luna Pin,Viva El Gonzo Festival 5/8-11/2025,"San Jose, Del Cabo, Mexico",2 shows on 2025-05-10; no instagram link: Goose,"2025-05-08 Hotel El Ganzo (San José del Cabo, MEX) | 2025-05-09 Hotel El Ganzo (San José del Cabo, MEX) | 2025-05-10 Hotel El Ganzo (San José del Cabo, MEX) | 2025-05-10 Hotel El Ganzo (San José del Cabo, MEX)",
337570,Goose Smiling Sun 25 - Sticker,,,unassigned — no show or tour; no parseable event date; no instagram link: Goose,,
337543,Goose Blood Moon 25 - Trucker Hat,,,unassigned — no show or tour; no parseable event date; no instagram link: Goose,,
337535,Goose Goosemas Crystal Ball 25 - Curf Cap,Goosemas XII 2025,"Amica Mutual Pavilion - Providence, RI",unassigned — no show or tour; no parseable event date,,
337536,Goose Goosemas Crystal Ball 25 - VIP Hat,Goosemas XII 2025,"Amica Mutual Pavilion - Providence, RI",unassigned — no show or tour; no parseable event date,,
337537,Goose Goosemas Crystal Ball 25 - T-Shirt,Goosemas XII 2025,"Amica Mutual Pavilion - Providence, RI",unassigned — no show or tour; no parseable event date,,
337538,Goose Goosemas Crystal Ball 25 - VIP Coffee,Goosemas XII 2025,"Amica Mutual Pavilion - Providence, RI",unassigned — no show or tour; no parseable event date,,
337579,Goose Goosemas Juggler 25 - Beanie,Goosemas XII 2025,"Amica Mutual Pavilion - Providence, RI",unassigned — no show or tour; no parseable event date,,
337532,Goose Goosemas Clown 25 - Enamel Keychain,Goosemas XII 2025,"Amica Mutual Pavilion - Providence, RI",unassigned — no show or tour; no parseable event date,,
337530,Goose Goosemas Circus Tents 25 - Tote,Goosemas XII 2025,"Amica Mutual Pavilion - Providence, RI",unassigned — no show or tour; no parseable event date,,
337302,Goose Chain Yer Dragon - 3xLP Vinyl 25 - Dark Galaxy,,,unassigned — no show or tour; no parseable event date; no instagram link: Kevin Bergkvist,,
337303,Goose Chain Yer Dragon - 3xLP Vinyl 25 - Eclipse,,,unassigned — no show or tour; no parseable event date; no instagram link: Kevin Bergkvist,,
337304,Goose Chain Yer Dragon - 3xLP Vinyl 25 - Black,,,unassigned — no show or tour; no parseable event date; no instagram link: Kevin Bergkvist,,
337113,Goose Providence 25 Biffle - Foil,"Goosemas: December 12-13, 2025","Amica Mutual Pavilion - Providence, RI",no instagram link: Richard Biffle,"2025-12-12 Amica Mutual Pavilion (Providence, RI) | 2025-12-13 Amica Mutual Pavilion (Providence, RI)",
335221,Goose Richmond 25 Tatum - Foil,"October 2-3, 2025","Allianz Amphitheater at Riverfront - Richmond, VA",no instagram link: Hannah Tatum,"2025-10-02 Allianz Amphitheater at Riverfront (Richmond, VA) | 2025-10-03 Allianz Amphitheater at Riverfront (Richmond, VA)",
335222,Goose Richmond 25 Tatum - Artist,"October 2-3, 2025","Allianz Amphitheater at Riverfront - Richmond, VA",no instagram link: Hannah Tatum,"2025-10-02 Allianz Amphitheater at Riverfront (Richmond, VA) | 2025-10-03 Allianz Amphitheater at Riverfront (Richmond, VA)",
335223,Goose Richmond 25 Tatum - Artist Foil,"October 2-3, 2025","Allianz Amphitheater at Riverfront - Richmond, VA",no instagram link: Hannah Tatum,"2025-10-02 Allianz Amphitheater at Riverfront (Richmond, VA) | 2025-10-03 Allianz Amphitheater at Riverfront (Richmond, VA)",
335003,Goose Louisville 25 Gardner - Foil,"September 23-24, 2025","Palace - Louisville, KY",no instagram link: Paul Gardner,"2025-09-23 Louisville Palace Theatre (Louisville, KY) | 2025-09-24 Louisville Palace Theatre (Louisville, KY)",
335001,Goose Louisville 25 Williamson - Foil,"September 23-24, 2025","Palace - Louisville, KY",no instagram link: Caleb Williamson,"2025-09-23 Louisville Palace Theatre (Louisville, KY) | 2025-09-24 Louisville Palace Theatre (Louisville, KY)",
334976,Goose Chicago 25 Spusta - Foil,"September 20, 2025","Huntington Bank Pavilion at Northerly Island - Chicago, IL",no instagram link: Marq Spusta,"2025-09-20 Huntington Bank Pavilion at Northerly Island (Chicago, IL)",
334977,Goose Chicago 25 Spusta - Artist  Orange,"September 20, 2025","Huntington Bank Pavilion at Northerly Island - Chicago, IL",no instagram link: Marq Spusta,"2025-09-20 Huntington Bank Pavilion at Northerly Island (Chicago, IL)",
335009,Goose Chicago 25 Spusta - Artist Black,"September 20, 2025","Huntington Bank Pavilion at Northerly Island - Chicago, IL",no instagram link: Marq Spusta,"2025-09-20 Huntington Bank Pavilion at Northerly Island (Chicago, IL)",
335010,Goose Chicago 25 Spusta - Artist Yellow Green,"September 20, 2025","Huntington Bank Pavilion at Northerly Island - Chicago, IL",no instagram link: Marq Spusta,"2025-09-20 Huntington Bank Pavilion at Northerly Island (Chicago, IL)",
336839,Goose Chicago 25 Spusta - Artist Light Blue,"September 20, 2025","Huntington Bank Pavilion at Northerly Island - Chicago, IL",no instagram link: Marq Spusta,"2025-09-20 Huntington Bank Pavilion at Northerly Island (Chicago, IL)",
334930,Goose Chicago 25 Mazza - Foil,"September 20, 2025","Huntington Bank Pavilion at Northerly Island - Chicago, IL",no instagram link: Jim Mazza,"2025-09-20 Huntington Bank Pavilion at Northerly Island (Chicago, IL)",
334986,Goose Chicago 25 Mazza - Artist,"September 20, 2025","Huntington Bank Pavilion at Northerly Island - Chicago, IL",no instagram link: Jim Mazza,"2025-09-20 Huntington Bank Pavilion at Northerly Island (Chicago, IL)",
334987,Goose Chicago 25 Mazza - Artist Foil,"September 20, 2025","Huntington Bank Pavilion at Northerly Island - Chicago, IL",no instagram link: Jim Mazza,"2025-09-20 Huntington Bank Pavilion at Northerly Island (Chicago, IL)",
337637,Goose Summer Tour VIP 25 Adkins - Tour,Summer Tour 5/30-6/29/2025,*multiple venue tour poster,no instagram link: Carolyn Lee Adkins,"2025-05-30 Hayden Homes Amphitheater (Bend, OR) | 2025-05-31 Spokane Pavilion (Spokane, WA) | 2025-06-01 Outlaw Field at Idaho Botanical Garden (Boise, ID) | 2025-06-03 Brooklyn Bowl Las Vegas (Las Vegas, NV) | 2025-06-04 Arizona Financial Theatre (Phoenix, AZ) | 2025-06-06 Fiddler's Green Amphitheatre (Greenwood Village, CO) | 2025-06-07 Fiddler's Green Amphitheatre (Greenwood Village, CO) | 2025-06-10 The Factory (Chesterfield, MO) | 2025-06-11 The Factory (Chesterfield, MO) | 2025-06-12 Everwise Amphitheater at White River State Park (Indianapolis, IN) | 2025-06-13 Great Stage Park (Manchester, TN) | 2025-06-15 Merriweather Post Pavilion (Columbia, MD) | 2025-06-17 Live Oak Bank Pavilion (Wilmington, NC) | 2025-06-19 Jacob's Pavilion at Nautica (Cleveland, OH) | 2025-06-20 Jacob's Pavilion at Nautica (Cleveland, OH) | 2025-06-21 Constellation Brands – Marvin Sands Performing Arts Center (Canandaigua, NY) | 2025-06-22 Belleayre Mountain (Highmount, NY) | 2025-06-23 Racket NYC (New York, NY) | 2025-06-27 BankNH Pavilion (Gilford, NH) | 2025-06-28 Madison Square Garden (New York, NY) | 2025-06-29 Westville Music Bowl (New Haven, CT)",
332928,Goose Cleveland 25 Mazza - Foil,"June 19-20, 2025","Jacobs Pavilion at Nautica - Cleveland, OH",no instagram link: Jim Mazza,"2025-06-19 Jacob's Pavilion at Nautica (Cleveland, OH) | 2025-06-20 Jacob's Pavilion at Nautica (Cleveland, OH)",
332929,Goose Cleveland 25 Mazza - Web,"June 19-20, 2025","Jacobs Pavilion at Nautica - Cleveland, OH",no instagram link: Jim Mazza,"2025-06-19 Jacob's Pavilion at Nautica (Cleveland, OH) | 2025-06-20 Jacob's Pavilion at Nautica (Cleveland, OH)",
332933,Goose Cleveland 25 Mazza - Artist,"June 19-20, 2025","Jacobs Pavilion at Nautica - Cleveland, OH",no instagram link: Jim Mazza,"2025-06-19 Jacob's Pavilion at Nautica (Cleveland, OH) | 2025-06-20 Jacob's Pavilion at Nautica (Cleveland, OH)",
332934,Goose Cleveland 25 Mazza - Artist Foil,"June 19-20, 2025","Jacobs Pavilion at Nautica - Cleveland, OH",no instagram link: Jim Mazza,"2025-06-19 Jacob's Pavilion at Nautica (Cleveland, OH) | 2025-06-20 Jacob's Pavilion at Nautica (Cleveland, OH)",
332894,Goose Wilmington 25 Decker - Foil,"June 17, 2025",Live Oak Bank Pavilion - Wilmington NC,no instagram link: Matt Decker,"2025-06-17 Live Oak Bank Pavilion (Wilmington, NC)",
332895,Goose Wilmington 25 Decker - Web,"June 17, 2025",Live Oak Bank Pavilion - Wilmington NC,no instagram link: Matt Decker,"2025-06-17 Live Oak Bank Pavilion (Wilmington, NC)",
332683,Goose St. Louis 25 Landland - Foil,"June 10-11, 2025","The Factory, St.Louis MO",no instagram link: Landland,"2025-06-10 The Factory (Chesterfield, MO) | 2025-06-11 The Factory (Chesterfield, MO)",
332684,Goose St. Louis 25 Landland - Web,"June 10-11, 2025","The Factory, St.Louis MO",no instagram link: Landland,"2025-06-10 The Factory (Chesterfield, MO) | 2025-06-11 The Factory (Chesterfield, MO)",
332688,Goose St. Louis 25 Landland - Artist,"June 10-11, 2025","The Factory, St.Louis MO",no instagram link: Landland,"2025-06-10 The Factory (Chesterfield, MO) | 2025-06-11 The Factory (Chesterfield, MO)",
332689,Goose St. Louis 25 Landland - Artist Foil,"June 10-11, 2025","The Factory, St.Louis MO",no instagram link: Landland,"2025-06-10 The Factory (Chesterfield, MO) | 2025-06-11 The Factory (Chesterfield, MO)",
332518,Goose Bend 25 Stiles - Foil,"May 30, 2025","Hayden Homes Amphitheater - Bend, OR",no instagram link: Daniel Stiles,"2025-05-30 Hayden Homes Amphitheater (Bend, OR)",
332519,Goose Bend 25 Stiles - Web,"May 30, 2025","Hayden Homes Amphitheater - Bend, OR",no instagram link: Daniel Stiles,"2025-05-30 Hayden Homes Amphitheater (Bend, OR)",
332520,Goose Bend 25 Stiles - Artist,"May 30, 2025","Hayden Homes Amphitheater - Bend, OR",no instagram link: Daniel Stiles,"2025-05-30 Hayden Homes Amphitheater (Bend, OR)",
332521,Goose Bend 25 Stiles - Artist Foil,"May 30, 2025","Hayden Homes Amphitheater - Bend, OR",no instagram link: Daniel Stiles,"2025-05-30 Hayden Homes Amphitheater (Bend, OR)",
330910,Goose EMG New York City 25 Blomerth - Foil,Goose x Luna Luna: The Everything Must Go Experience,"The Shed - New York, NY",unassigned — no show or tour; no parseable event date,,
331092,Goose EMG New York City 25 Blomerth - Vintage EMG Experience Tote Bag,Goose x Luna Luna: The Everything Must Go Experience,"The Shed - New York, NY",unassigned — no show or tour; no parseable event date,,
331093,Goose EMG New York City 25 Blomerth - Vintage EMG Experience Tee,Goose x Luna Luna: The Everything Must Go Experience,"The Shed - New York, NY",unassigned — no show or tour; no parseable event date,,
330413,Goose Grand Rapids N2 25 Loeffler - Foil,"February 14, 2025","GLC Live at 20 Monroe - Grand Rapids, MI",no instagram link: Max Loeffler,"2025-02-14 GLC Live at 20 Monroe (Grand Rapids, MI)",
330414,Goose Grand Rapids N2 25 Loeffler - Web,"February 14, 2025","GLC Live at 20 Monroe - Grand Rapids, MI",no instagram link: Max Loeffler,"2025-02-14 GLC Live at 20 Monroe (Grand Rapids, MI)",
330008,Goose Everything Must Go 3xLP Vinyl 25 - Spotify Fans,,,unassigned — no show or tour; no parseable event date,,
330017,Goose Everything Must Go 3xLP Vinyl 25 - Webstore Primary,,,unassigned — no show or tour; no parseable event date,,
330018,Goose Everything Must Go 3xLP Vinyl 25 - Retail Primary,,,unassigned — no show or tour; no parseable event date,,
330019,Goose Everything Must Go 3xLP Vinyl 25 - Indie Retail,,,unassigned — no show or tour; no parseable event date,,
329440,Goose Austin 24 Rushing - Foil,"December 30-31, 2024","Moody Center - Austin, TX",no instagram link: Taylor Rushing,"2024-12-30 Moody Center (Austin, TX) | 2024-12-31 Moody Center (Austin, TX)",
329441,Goose Austin 24 Rushing - Web,"December 30-31, 2024","Moody Center - Austin, TX",no instagram link: Taylor Rushing,"2024-12-30 Moody Center (Austin, TX) | 2024-12-31 Moody Center (Austin, TX)",
329206,Goose North Charleston 24 Mazza Kloc - Rainbow Foil,"Goosemas: December 13-14, 2024","North Charleston Col - N. Charleston, SC",no instagram link: Jim Mazza,"2024-12-13 North Charleston Coliseum & Performing Arts Center (North Charleston, SC) | 2024-12-14 North Charleston Coliseum & Performing Arts Center (North Charleston, SC)",
329207,Goose North Charleston 24 Mazza Kloc - Sparkle Foil,"Goosemas: December 13-14, 2024","North Charleston Col - N. Charleston, SC",no instagram link: Jim Mazza,"2024-12-13 North Charleston Coliseum & Performing Arts Center (North Charleston, SC) | 2024-12-14 North Charleston Coliseum & Performing Arts Center (North Charleston, SC)",
329208,Goose North Charleston 24 Mazza Kloc - Gold Foil,"Goosemas: December 13-14, 2024","North Charleston Col - N. Charleston, SC",no instagram link: Jim Mazza,"2024-12-13 North Charleston Coliseum & Performing Arts Center (North Charleston, SC) | 2024-12-14 North Charleston Coliseum & Performing Arts Center (North Charleston, SC)",
329209,Goose North Charleston 24 Mazza Kloc - Artist Lava Foil,"Goosemas: December 13-14, 2024","North Charleston Col - N. Charleston, SC",no instagram link: Jim Mazza,"2024-12-13 North Charleston Coliseum & Performing Arts Center (North Charleston, SC) | 2024-12-14 North Charleston Coliseum & Performing Arts Center (North Charleston, SC)",
329210,Goose North Charleston 24 Mazza Kloc - Artist Rainbow Foil,"Goosemas: December 13-14, 2024","North Charleston Col - N. Charleston, SC",no instagram link: Jim Mazza,"2024-12-13 North Charleston Coliseum & Performing Arts Center (North Charleston, SC) | 2024-12-14 North Charleston Coliseum & Performing Arts Center (North Charleston, SC)",
329211,Goose North Charleston 24 Mazza Kloc - Artist Gold Foil,"Goosemas: December 13-14, 2024","North Charleston Col - N. Charleston, SC",no instagram link: Jim Mazza,"2024-12-13 North Charleston Coliseum & Performing Arts Center (North Charleston, SC) | 2024-12-14 North Charleston Coliseum & Performing Arts Center (North Charleston, SC)",
328124,Goose St. Augustine 24 Perez - Foil,"November 1-2, 2024","St. Augustine Amp - St. Augustine, FL",no instagram link: Derek Perez,"2024-11-01 The St. Augustine Amphitheatre (St. Augustine, FL) | 2024-11-02 The St. Augustine Amphitheatre (St. Augustine, FL)",
328091,Goose Miami Beach 24 Powers - Foil,"October 29-30, 2024","Fillmore Miami Beach - Miami Beach, FL",no instagram link: Max Powers,"2024-10-29 The Fillmore Miami Beach (Miami Beach, FL) | 2024-10-30 The Fillmore Miami Beach (Miami Beach, FL)",
328092,Goose Miami Beach 24 Powers - Web,"October 29-30, 2024","Fillmore Miami Beach - Miami Beach, FL",no instagram link: Max Powers,"2024-10-29 The Fillmore Miami Beach (Miami Beach, FL) | 2024-10-30 The Fillmore Miami Beach (Miami Beach, FL)",
328088,Goose Miami Beach 24 Morlan - Foil,"October 29-30, 2024","Fillmore Miami Beach - Miami Beach, FL",no instagram link: Garrett Maurer Morlan,"2024-10-29 The Fillmore Miami Beach (Miami Beach, FL) | 2024-10-30 The Fillmore Miami Beach (Miami Beach, FL)",
328089,Goose Miami Beach 24 Morlan - Web,"October 29-30, 2024","Fillmore Miami Beach - Miami Beach, FL",no instagram link: Garrett Maurer Morlan,"2024-10-29 The Fillmore Miami Beach (Miami Beach, FL) | 2024-10-30 The Fillmore Miami Beach (Miami Beach, FL)",
327985,Goose Nashville 24 Loeffler - Foil,"October 24, 2024","Ascend Amphitheater - Nashville, TN",no instagram link: Max Loeffler,"2024-10-24 Ascend Amphitheater (Nashville, TN)",
327986,Goose Nashville 24 Loeffler - Web,"October 24, 2024","Ascend Amphitheater - Nashville, TN",no instagram link: Max Loeffler,"2024-10-24 Ascend Amphitheater (Nashville, TN)",
327926,Goose Winston-Salem / Birmingham 24 Leaming - Foil,"October 25-26, 2024","Lawrence Joel VMC - Winston-Salem, NC | Avondale Brewing Company Birmingham AL",no instagram link: Alex Leaming,"2024-10-25 Lawrence Joel Veterans Memorial Coliseum (Winston-Salem, NC) | 2024-10-26 Avondale Brewing Company (Birmingham, AL)",
327212,Goose Bonner 24 Kramer - Foil,"September 19-20, 2024","Kettlehouse Amphitheater - Bonner, MT",no instagram link: Jeremy Kramer,"2024-09-19 KettleHouse Amphitheater (Bonner-West Riverside, MT) | 2024-09-20 KettleHouse Amphitheater (Bonner-West Riverside, MT)",
327130,Goose Magna 24 Decker - Foil,"September 17, 2024","Great Saltair, The - Magna, UT",no instagram link: Matt Decker,"2024-09-17 The Great Saltair III (Magna, UT)",
327131,Goose Magna 24 Decker - Web,"September 17, 2024","Great Saltair, The - Magna, UT",no instagram link: Matt Decker,"2024-09-17 The Great Saltair III (Magna, UT)",
327097,Goose Waukee 24 Mikaela - Foil,"September 15, 2024","Vibrant Music Hall - Waukee, IA",no instagram link: Jane Mikaela,"2024-09-15 Vibrant Music Hall (Waukee, IA)",
327098,Goose Waukee 24 Mikaela - Web,"September 15, 2024","Vibrant Music Hall - Waukee, IA",no instagram link: Jane Mikaela,"2024-09-15 Vibrant Music Hall (Waukee, IA)",
327018,Goose Chicago N2 24 Grzeca - Foil,"September 12, 2024","The Salt Shed, Chicago IL",no instagram link: Dan Grzeca,"2024-09-12 The Salt Shed (Chicago, IL)",
327019,Goose Chicago N2 24 Grzeca - Web,"September 12, 2024","The Salt Shed, Chicago IL",no instagram link: Dan Grzeca,"2024-09-12 The Salt Shed (Chicago, IL)",
327031,Goose Chicago N2 24 Grzeca - Artist,"September 12, 2024","The Salt Shed, Chicago IL",no instagram link: Dan Grzeca,"2024-09-12 The Salt Shed (Chicago, IL)",
326536,Goose Saratoga Springs 24 Tortuga Design Studios - Foil,"September 6-7, 2024","Saratoga Performing Arts Center (SPAC) - Saratoga Springs, NY",no instagram link: Tortuga Design Studios,"2024-09-06 Broadview Stage at SPAC (Saratoga Springs, NY) | 2024-09-07 Broadview Stage at SPAC (Saratoga Springs, NY)",
326517,Goose Boston N2 24 Wagers - Foil,"September 3, 2024","MGM Music Hall at Fenway Park, Boston MA",no instagram link: Charlie Wagers,"2024-09-03 MGM Music Hall at Fenway (Boston, MA)",
326518,Goose Boston N2 24 Wagers - Web,"September 3, 2024","MGM Music Hall at Fenway Park, Boston MA",no instagram link: Charlie Wagers,"2024-09-03 MGM Music Hall at Fenway (Boston, MA)",
325282,Goose Hot Tea 24 Pollock - Blue,,,unassigned — no show or tour; no parseable event date,,
325003,Goose Philadelphia 24 Spusta - Foil,"June 28, 2024","Mann Center - Philadelphia, PA",no instagram link: Marq Spusta,"2024-06-28 TD Pavilion at The Mann (Philadelphia, PA)",
325004,Goose Philadelphia 24 Spusta - Online,"June 28, 2024","Mann Center - Philadelphia, PA",no instagram link: Marq Spusta,"2024-06-28 TD Pavilion at The Mann (Philadelphia, PA)",
325186,Goose Philadelphia 24 Spusta - Artist Chlorophyll,"June 28, 2024","Mann Center - Philadelphia, PA",no instagram link: Marq Spusta,"2024-06-28 TD Pavilion at The Mann (Philadelphia, PA)",
325187,Goose Philadelphia 24 Spusta - Artist Black,"June 28, 2024","Mann Center - Philadelphia, PA",no instagram link: Marq Spusta,"2024-06-28 TD Pavilion at The Mann (Philadelphia, PA)",
325188,Goose Philadelphia 24 Spusta - Artist White,"June 28, 2024","Mann Center - Philadelphia, PA",no instagram link: Marq Spusta,"2024-06-28 TD Pavilion at The Mann (Philadelphia, PA)",
324501,Goose Atlanta N1 24 Mazza - Show Foil,"June 20, 2024","Fox Theatre - Atlanta, GA",no instagram link: Jim Mazza,"2024-06-20 Fox Theatre (Atlanta, GA)",
324502,Goose Atlanta N1 24 Mazza - Online,"June 20, 2024","Fox Theatre - Atlanta, GA",no instagram link: Jim Mazza,"2024-06-20 Fox Theatre (Atlanta, GA)",
324509,Goose Atlanta N1 24 Mazza - Artist Swirl Foil,"June 20, 2024","Fox Theatre - Atlanta, GA",no instagram link: Jim Mazza,"2024-06-20 Fox Theatre (Atlanta, GA)",
324524,Goose Atlanta N1 24 Mazza - Artist Gold Foil,"June 20, 2024","Fox Theatre - Atlanta, GA",no instagram link: Jim Mazza,"2024-06-20 Fox Theatre (Atlanta, GA)",
324326,Goose Canandaigua 24 Cohen - Foil,"June 15, 2024","CMAC Performing Arts Center - Canandaigua, NY",no instagram link: Evan Cohen,"2024-06-15 Constellation Brands – Marvin Sands Performing Arts Center (Canandaigua, NY)",
324327,Goose Canandaigua 24 Cohen - Online,"June 15, 2024","CMAC Performing Arts Center - Canandaigua, NY",no instagram link: Evan Cohen,"2024-06-15 Constellation Brands – Marvin Sands Performing Arts Center (Canandaigua, NY)",
324261,Goose Indianapolis 24 Stiles - Swirl foil,"June 12, 2024","White River State Park - Indianapolis, IN",no instagram link: Daniel Stiles,"2024-06-12 Everwise Amphitheater at White River State Park (Indianapolis, IN)",
324262,Goose Indianapolis 24 Stiles - Sparkle foil web,"June 12, 2024","White River State Park - Indianapolis, IN",no instagram link: Daniel Stiles,"2024-06-12 Everwise Amphitheater at White River State Park (Indianapolis, IN)",
324278,Goose Indianapolis 24 Stiles - Artist,"June 12, 2024","White River State Park - Indianapolis, IN",no instagram link: Daniel Stiles,"2024-06-12 Everwise Amphitheater at White River State Park (Indianapolis, IN)",
324285,Goose Indianapolis 24 Stiles - Artist White swirl foil,"June 12, 2024","White River State Park - Indianapolis, IN",no instagram link: Daniel Stiles,"2024-06-12 Everwise Amphitheater at White River State Park (Indianapolis, IN)",
324288,Goose Indianapolis 24 Stiles - Artist White sparkle foil,"June 12, 2024","White River State Park - Indianapolis, IN",no instagram link: Daniel Stiles,"2024-06-12 Everwise Amphitheater at White River State Park (Indianapolis, IN)",
324289,Goose Indianapolis 24 Stiles - Artist Silver Sparkle foil,"June 12, 2024","White River State Park - Indianapolis, IN",no instagram link: Daniel Stiles,"2024-06-12 Everwise Amphitheater at White River State Park (Indianapolis, IN)",
324290,Goose Indianapolis 24 Stiles - Artist Variant Rando Foil,"June 12, 2024","White River State Park - Indianapolis, IN",no instagram link: Daniel Stiles,"2024-06-12 Everwise Amphitheater at White River State Park (Indianapolis, IN)",
324218,Goose Omaha 24 Lyons - Foil,"June 10, 2024","SteelHouse, Omaha NE",no instagram link: Chris Lyons,"2024-06-10 Steelhouse Omaha (Omaha, NE)",
324219,Goose Omaha 24 Lyons - Web,"June 10, 2024","SteelHouse, Omaha NE",no instagram link: Chris Lyons,"2024-06-10 Steelhouse Omaha (Omaha, NE)",
324135,Goose St. Louis N2 24 Schaw - Foil,"June 4-5, 2024","The Factory, St.Louis MO",no instagram link: Peter Schaw,"2024-06-04 The Factory (Chesterfield, MO) | 2024-06-05 The Factory (Chesterfield, MO)",
324196,Goose St. Louis N2 24 Schaw - Online,"June 4-5, 2024","The Factory, St.Louis MO",no instagram link: Peter Schaw,"2024-06-04 The Factory (Chesterfield, MO) | 2024-06-05 The Factory (Chesterfield, MO)",
323427,Goose Wilton 24 McGeehan - Foil,"April 24, 2024","Wilton High School, Wilton CT",2 shows on 2024-04-24,"2024-04-24 Wilton High School (Clune Auditorium) (Wilton, CT) | 2024-04-24 Wilton High School (Clune Auditorium) (Wilton, CT)",
323432,Goose Wilton 24 McGeehan - Artist,"April 24, 2024","Wilton High School, Wilton CT",2 shows on 2024-04-24,"2024-04-24 Wilton High School (Clune Auditorium) (Wilton, CT) | 2024-04-24 Wilton High School (Clune Auditorium) (Wilton, CT)",
328993,Goose Red Dragonfly Hat Pin 23 - Purple,,,unassigned — no show or tour; no parseable event date; no instagram link: Goose,,
328994,Goose GooseSprout Pin 23 - Teal,,,unassigned — no show or tour; no parseable event date; no instagram link: Goose,,
321734,Goose Goosemas VIII Pin 23 - Web Green Variant,Goosemas VIII,,unassigned — no show or tour; no parseable event date; no instagram link: Goose,,
321424,Goose Hampton Space Badge 23 Mate - Enamel Pin,"December 8-9, 2023",,no instagram link: Riley Mate,"2023-12-08 Hampton Coliseum (Hampton, VA) | 2023-12-09 Hampton Coliseum (Hampton, VA)",
320009,Goose Hampton 23 Tatum - Foil,"December 8-9, 2023","Hampton Coliseum - Hampton, VA",no instagram link: Hannah Tatum,"2023-12-08 Hampton Coliseum (Hampton, VA) | 2023-12-09 Hampton Coliseum (Hampton, VA)",
320010,Goose Hampton 23 Tatum - Artist,"December 8-9, 2023","Hampton Coliseum - Hampton, VA",no instagram link: Hannah Tatum,"2023-12-08 Hampton Coliseum (Hampton, VA) | 2023-12-09 Hampton Coliseum (Hampton, VA)",
320011,Goose Hampton 23 Tatum - Artist foil,"December 8-9, 2023","Hampton Coliseum - Hampton, VA",no instagram link: Hannah Tatum,"2023-12-08 Hampton Coliseum (Hampton, VA) | 2023-12-09 Hampton Coliseum (Hampton, VA)",
319338,Goose Bristol 23 Rassi - Foil,"November 18, 2023","Thekla - Bristol, GBR",no instagram link: Jessica Rassi,"2023-11-18 Thekla (Bristol, GBR)",
319180,Goose European Tour II 23 Millward - Web,2023 European Tour Leg 2,*multiple venue tour poster,unassigned — no show or tour; no parseable event date,,
319096,Goose Copenhagen 23 Ahmed - Foil,"November 9, 2023","Hotel Cecil, Copenhagen Denmark",no instagram link: Bassant Ahmed,"2023-11-09 Hotel Cecil (Copenhagen, DNK)",
318878,Goose European Tour I 23 Loeffler - Web,2023 European Tour Leg 1,*multiple venue tour poster,unassigned — no show or tour; no parseable event date; no instagram link: Max Loeffler,,
319837,Goose European Tour I 23 Loeffler - Artist,2023 European Tour Leg 1,*multiple venue tour poster,unassigned — no show or tour; no parseable event date; no instagram link: Max Loeffler,,
319838,Goose European Tour I 23 Loeffler - Artist Foil,2023 European Tour Leg 1,*multiple venue tour poster,unassigned — no show or tour; no parseable event date; no instagram link: Max Loeffler,,
318516,Goose Flagstaff 23 Loeffler - Foil,"October 3, 2023","Pepsi Amphiteater - Flagstaff, AZ",no instagram link: Max Loeffler,"2023-10-03 Pepsi Amphitheater (Flagstaff, AZ)",
318225,Goose Fall-Autumn Rising Foil Tour Poster  23 Blomerth - Artist Proof,,*multiple venue tour poster,unassigned — no show or tour; no parseable event date,,
318814,Goose Fall-Autumn Rising Foil Tour Poster  23 Blomerth - Blanket,,*multiple venue tour poster,unassigned — no show or tour; no parseable event date,,
317929,Goose Spokane 23 Helton - Foil,"September 22, 2023","Riverfront Park Pavilion - Spokane, WA","venue mismatch on 2023-09-22: EB=['park', 'riverfront', 'pavilion'] db=KettleHouse Amphitheater","2023-09-22 KettleHouse Amphitheater (Bonner-West Riverside, MT)",
317933,Goose Spokane 23 Helton - Web,"September 22, 2023","Riverfront Park Pavilion - Spokane, WA","venue mismatch on 2023-09-22: EB=['park', 'riverfront', 'pavilion'] db=KettleHouse Amphitheater","2023-09-22 KettleHouse Amphitheater (Bonner-West Riverside, MT)",
317857,Goose Undecided Print 22 Rosenstock - Artist Proof,,,unassigned — no show or tour; no parseable event date,,
317855,Goose Salt Lake City 23 Schaw - Foil,"September 20, 2023","Red Butte Garden - Salt Lake City, UT",no instagram link: Peter Schaw,"2023-09-20 Red Butte Garden Amphitheatre (Salt Lake City, UT)",
317868,Goose Salt Lake City 23 Schaw - Web,"September 20, 2023","Red Butte Garden - Salt Lake City, UT",no instagram link: Peter Schaw,"2023-09-20 Red Butte Garden Amphitheatre (Salt Lake City, UT)",
317828,Goose Thornville [Uncut] 22 Morlan - Artist Proof,06/10-11/2022,"Legend Valley - Thornville, OH",no instagram link: Garrett Maurer Morlan,"2022-06-10 Legend Valley (Thornville, OH) | 2022-06-11 Legend Valley (Thornville, OH)",
317829,Goose Thornville [Uncut] 22 Morlan - Foil,06/10-11/2022,"Legend Valley - Thornville, OH",no instagram link: Garrett Maurer Morlan,"2022-06-10 Legend Valley (Thornville, OH) | 2022-06-11 Legend Valley (Thornville, OH)",
317823,Goose Thornville N2 22 Morlan - Foil,,"Legend Valley - Thornville, OH",unassigned — no show or tour; no parseable event date; no instagram link: Garrett Maurer Morlan,,
317824,Goose Thornville N2 22 Morlan - Concert,,"Legend Valley - Thornville, OH",unassigned — no show or tour; no parseable event date; no instagram link: Garrett Maurer Morlan,,
317825,Goose Thornville N2 22 Morlan - Artist Proof Rainbow Foil,,"Legend Valley - Thornville, OH",unassigned — no show or tour; no parseable event date; no instagram link: Garrett Maurer Morlan,,
317826,Goose Thornville N2 22 Morlan - Artist Proof,,"Legend Valley - Thornville, OH",unassigned — no show or tour; no parseable event date; no instagram link: Garrett Maurer Morlan,,
317815,Goose Thornville N1 22 Morlan - Foil,,"Legend Valley - Thornville, OH",unassigned — no show or tour; no parseable event date; no instagram link: Garrett Maurer Morlan,,
317817,Goose Thornville N1 22 Morlan - Concert,,"Legend Valley - Thornville, OH",unassigned — no show or tour; no parseable event date; no instagram link: Garrett Maurer Morlan,,
317818,Goose Thornville N1 22 Morlan - Artist Proof Rainbow Foil,,"Legend Valley - Thornville, OH",unassigned — no show or tour; no parseable event date; no instagram link: Garrett Maurer Morlan,,
317819,Goose Thornville N1 22 Morlan - Artist Proof,,"Legend Valley - Thornville, OH",unassigned — no show or tour; no parseable event date; no instagram link: Garrett Maurer Morlan,,
317776,Goose Milwaukee 23 Mazza - Artist Swirl Foil,"September 17, 2023","Miller High Life Theatre - Milwaukee, WI",no instagram link: Jim Mazza,"2023-09-17 Miller High Life Theatre (Milwaukee, WI)",
317777,Goose Milwaukee 23 Mazza - Artist Gold Foil,"September 17, 2023","Miller High Life Theatre - Milwaukee, WI",no instagram link: Jim Mazza,"2023-09-17 Miller High Life Theatre (Milwaukee, WI)",
317781,Goose Milwaukee 23 Mazza - Web,"September 17, 2023","Miller High Life Theatre - Milwaukee, WI",no instagram link: Jim Mazza,"2023-09-17 Miller High Life Theatre (Milwaukee, WI)",
317520,The el Goose Times Vol. 3 October 21 - Alternative Cover,Fall Tour 2021,*multiple venues,tour matched fuzzily: '2021 Fall'; no parseable event date; no instagram link: Jon Caruso,,2021 Fall
317841,Goose Boston 23 Perez - Artist,"September 13-14, 2023","Leader Bank Pavilion - Boston, MA",no instagram link: Derek Perez,"2023-09-13 Leader Bank Pavilion (Boston, MA) | 2023-09-14 Leader Bank Pavilion (Boston, MA)",
337221,Goose Lady Goose 22 Levy - Skate Deck,,,unassigned — no show or tour; no parseable event date; no instagram link: Joshua Marc Levy,,
337222,Goose Lady Goose 22 Levy - T-Shirt,,,unassigned — no show or tour; no parseable event date; no instagram link: Joshua Marc Levy,,
316918,Goose Burlington 22 Smith - Web,,"The Lawn at Midway, Burlington, VT",unassigned — no show or tour; no parseable event date,,
316919,Goose Burlington 22 Smith - Show Foil,,"The Lawn at Midway, Burlington, VT",unassigned — no show or tour; no parseable event date,,
316920,Goose Burlington 22 Smith - Artist,,"The Lawn at Midway, Burlington, VT",unassigned — no show or tour; no parseable event date,,
316921,Goose Burlington 22 Smith - Artist Rainbow Foil,,"The Lawn at Midway, Burlington, VT",unassigned — no show or tour; no parseable event date,,
315593,Goose Portland 23 Tatum - Foil,"July 6, 2023","Thompson's Point - Portland, ME",no instagram link: Hannah Tatum,"2023-07-06 Thompson's Point (Portland, ME)",
315594,Goose Portland 23 Tatum - Web,"July 6, 2023","Thompson's Point - Portland, ME",no instagram link: Hannah Tatum,"2023-07-06 Thompson's Point (Portland, ME)",
315120,Goose Louisville 23 Powers - Foil,"June 22-23, 2023","Louisville Palace - Louisville, KY",no instagram link: Max Powers,"2023-06-22 Louisville Palace Theatre (Louisville, KY) | 2023-06-23 Louisville Palace Theatre (Louisville, KY)",
315121,Goose Louisville 23 Powers - Web  Green Purple,"June 22-23, 2023","Louisville Palace - Louisville, KY",no instagram link: Max Powers,"2023-06-22 Louisville Palace Theatre (Louisville, KY) | 2023-06-23 Louisville Palace Theatre (Louisville, KY)",
315062,Goose Chicago 23 Banda - Foil,"June 21, 2022","Chicago Theatre - Chicago, IL",no qualifying show on 2022-06-21; unassigned — no show or tour,,
317530,Goose Chicago 23 Banda - Pink Web,"June 21, 2022","Chicago Theatre - Chicago, IL",no qualifying show on 2022-06-21; unassigned — no show or tour,,
315037,Goose Louisville 23 Mazza - Rainbow Foil,"June 22-23, 2022","Palace Theater, The - Louisville, KY",no qualifying show in range 2022-06-22..2022-06-23; unassigned — no show or tour; no instagram link: Jim Mazza,,
315041,Goose Louisville 23 Mazza - Artist,"June 22-23, 2022","Palace Theater, The - Louisville, KY",no qualifying show in range 2022-06-22..2022-06-23; unassigned — no show or tour; no instagram link: Jim Mazza,,
328417,Goose Louisville 23 Mazza - Lava Foil,"June 22-23, 2022","Palace Theater, The - Louisville, KY",no qualifying show in range 2022-06-22..2022-06-23; unassigned — no show or tour; no instagram link: Jim Mazza,,
313856,Goose New Orleans 23 Jaxtheimer - Artist,"May 2-3, 2023","Faubourg Brewery, New Orleans LA",no instagram link: Christian Jaxtheimer,"2023-05-02 Faubourg Brewing Co. (New Orleans, LA) | 2023-05-03 Faubourg Brewing Co. (New Orleans, LA)",
313857,Goose New Orleans 23 Jaxtheimer - Artist Foil,"May 2-3, 2023","Faubourg Brewery, New Orleans LA",no instagram link: Christian Jaxtheimer,"2023-05-02 Faubourg Brewing Co. (New Orleans, LA) | 2023-05-03 Faubourg Brewing Co. (New Orleans, LA)",
313736,Goose San Diego 23 Spusta - Foil,"March 29, 2023","Cal Coast Theatre - San Diego, CA",no qualifying show on 2023-03-29; unassigned — no show or tour; no instagram link: Marq Spusta,,
313737,Goose San Diego 23 Spusta - Web,"March 29, 2023","Cal Coast Theatre - San Diego, CA",no qualifying show on 2023-03-29; unassigned — no show or tour; no instagram link: Marq Spusta,,
313749,Goose San Diego 23 Spusta - VIP,"March 29, 2023","Cal Coast Theatre - San Diego, CA",no qualifying show on 2023-03-29; unassigned — no show or tour; no instagram link: Marq Spusta,,
313932,Goose San Diego 23 Spusta - Artist Purple,"March 29, 2023","Cal Coast Theatre - San Diego, CA",no qualifying show on 2023-03-29; unassigned — no show or tour; no instagram link: Marq Spusta,,
313933,Goose San Diego 23 Spusta - Artist Green,"March 29, 2023","Cal Coast Theatre - San Diego, CA",no qualifying show on 2023-03-29; unassigned — no show or tour; no instagram link: Marq Spusta,,
313934,Goose San Diego 23 Spusta - Artist Gold Cream,"March 29, 2023","Cal Coast Theatre - San Diego, CA",no qualifying show on 2023-03-29; unassigned — no show or tour; no instagram link: Marq Spusta,,
313677,Goose San Francisco N1 23 Zoltron - Foil,"March 27, 2023","Warfield Theatre - San Francisco, CA",no qualifying show on 2023-03-27; unassigned — no show or tour,,
313678,Goose San Francisco N1 23 Zoltron - Web,"March 27, 2023","Warfield Theatre - San Francisco, CA",no qualifying show on 2023-03-27; unassigned — no show or tour,,
313699,Goose San Francisco N1 23 Zoltron - VIP,"March 27, 2023","Warfield Theatre - San Francisco, CA",no qualifying show on 2023-03-27; unassigned — no show or tour,,
314798,Goose San Francisco N1 23 Zoltron - Artist Circular Foil,"March 27, 2023","Warfield Theatre - San Francisco, CA",no qualifying show on 2023-03-27; unassigned — no show or tour,,
318575,Goose San Francisco N1 23 Zoltron - Artist,"March 27, 2023","Warfield Theatre - San Francisco, CA",no qualifying show on 2023-03-27; unassigned — no show or tour,,
321091,Goose San Francisco N1 23 Zoltron - Artist White Lava,"March 27, 2023","Warfield Theatre - San Francisco, CA",no qualifying show on 2023-03-27; unassigned — no show or tour,,
321093,Goose San Francisco N1 23 Zoltron - Artist Microwave Variant,"March 27, 2023","Warfield Theatre - San Francisco, CA",no qualifying show on 2023-03-27; unassigned — no show or tour,,
313572,Goose Boise 23 Triscari - Foil,"April 21, 2023","Knitting Factory House - Boise, ID",no instagram link: Joe Triscari,"2023-04-21 Knitting Factory Boise (Boise, ID)",
313573,Goose Boise 23 Triscari - Web,"April 21, 2023","Knitting Factory House - Boise, ID",no instagram link: Joe Triscari,"2023-04-21 Knitting Factory Boise (Boise, ID)",
313375,Goose Chicago N2 23 Landland - Foil,"April 15, 2023","The Salt Shed, Chicago IL",no instagram link: Landland,"2023-04-15 The Salt Shed (Chicago, IL)",
313376,Goose Chicago N2 23 Landland - Web,"April 15, 2023","The Salt Shed, Chicago IL",no instagram link: Landland,"2023-04-15 The Salt Shed (Chicago, IL)",
313563,Goose Chicago N2 23 Landland - Artist,"April 15, 2023","The Salt Shed, Chicago IL",no instagram link: Landland,"2023-04-15 The Salt Shed (Chicago, IL)",
313564,Goose Chicago N2 23 Landland - Artist Foil,"April 15, 2023","The Salt Shed, Chicago IL",no instagram link: Landland,"2023-04-15 The Salt Shed (Chicago, IL)",
313372,Goose Chicago N1 23 Landland - Foil,"April 14, 2023","The Salt Shed, Chicago IL",no instagram link: Landland,"2023-04-14 The Salt Shed (Chicago, IL)",
313373,Goose Chicago N1 23 Landland - Web,"April 14, 2023","The Salt Shed, Chicago IL",no instagram link: Landland,"2023-04-14 The Salt Shed (Chicago, IL)",
313561,Goose Chicago N1 23 Landland - Artist,"April 14, 2023","The Salt Shed, Chicago IL",no instagram link: Landland,"2023-04-14 The Salt Shed (Chicago, IL)",
313562,Goose Chicago N1 23 Landland - Artist Foil,"April 14, 2023","The Salt Shed, Chicago IL",no instagram link: Landland,"2023-04-14 The Salt Shed (Chicago, IL)",
313069,Goose Athens 23 Ryan - Foil,"March 28, 2023","Georgia Theatre - Athens, GA",no instagram link: Jay Ryan,"2023-03-28 Georgia Theatre (Athens, GA)",
313075,Goose Athens 23 Ryan - Web,"March 28, 2023","Georgia Theatre - Athens, GA",no instagram link: Jay Ryan,"2023-03-28 Georgia Theatre (Athens, GA)",
313087,Goose Athens 23 Ryan - Artist,"March 28, 2023","Georgia Theatre - Athens, GA",no instagram link: Jay Ryan,"2023-03-28 Georgia Theatre (Athens, GA)",
311785,Goose Alive and Well 4-LP Vinyl 20 - Deluxe Package,,,unassigned — no show or tour; no parseable event date; no instagram link: *Unknown,,
311780,Goose Shenanigans Night Club Vinyl 21 - White,,,unassigned — no show or tour; no parseable event date; no instagram link: *Unknown,,
311782,Goose Shenanigans Night Club Vinyl 21 - Splatter,,,unassigned — no show or tour; no parseable event date; no instagram link: *Unknown,,
311783,Goose Shenanigans Night Club Vinyl 21 - Black,,,unassigned — no show or tour; no parseable event date; no instagram link: *Unknown,,
320928,Goose Shenanigans Night Club Vinyl 21 - Purple,,,unassigned — no show or tour; no parseable event date; no instagram link: *Unknown,,
311610,Goose Dripfield Vinyl  22 - White,,,unassigned — no show or tour; no parseable event date; no instagram link: *Unknown,,
317565,Goose Dripfield Vinyl  22 - Blue Vinyl,,,unassigned — no show or tour; no parseable event date; no instagram link: *Unknown,,
321865,Goose Dripfield Vinyl  22 - Orange,,,unassigned — no show or tour; no parseable event date; no instagram link: *Unknown,,
311530,Goose Undecided Vinyl 22 - Black and White,,,unassigned — no show or tour; no parseable event date; no instagram link: *Unknown,,
311615,Goose Undecided Vinyl 22 - Heady Wax,,,unassigned — no show or tour; no parseable event date; no instagram link: *Unknown,,
312022,Goose Undecided Vinyl 22 - Translucent Blue,,,unassigned — no show or tour; no parseable event date; no instagram link: *Unknown,,
321984,Goose Undecided Vinyl 22 - Red,,,unassigned — no show or tour; no parseable event date; no instagram link: *Unknown,,
311555,Goose Pittsburgh 22 Besch - Show Foil,,"Stage AE - Pittsburgh, PA",unassigned — no show or tour; no parseable event date,,
311556,Goose Pittsburgh 22 Besch - Yellow Variant,,"Stage AE - Pittsburgh, PA",unassigned — no show or tour; no parseable event date,,
311557,Goose Pittsburgh 22 Besch - Artist,,"Stage AE - Pittsburgh, PA",unassigned — no show or tour; no parseable event date,,
311558,Goose Pittsburgh 22 Besch - Artist Foil,,"Stage AE - Pittsburgh, PA",unassigned — no show or tour; no parseable event date,,
311559,Goose Pittsburgh 22 Besch - Artist Yellow Variant,,"Stage AE - Pittsburgh, PA",unassigned — no show or tour; no parseable event date,,
311546,Goose Dillon / Morrison [Uncut] 22 Blankenship - Show Foil,,"Red Rocks Amphitheatre - Morrison, CO | Dillon Amphitheater - Dillon, CO",unassigned — no show or tour; no parseable event date,,
311541,Goose Las Vegas / Los Angeles 22 Gonzalez - Show Foil,,"Greek Theatre - Los Angeles, CA | Brooklyn Bowl - Las Vegas, NV",unassigned — no show or tour; no parseable event date,,
311542,Goose Las Vegas / Los Angeles 22 Gonzalez - Web Green Variant,,"Greek Theatre - Los Angeles, CA | Brooklyn Bowl - Las Vegas, NV",unassigned — no show or tour; no parseable event date,,
311764,Goose Las Vegas / Los Angeles 22 Gonzalez - Artist,,"Greek Theatre - Los Angeles, CA | Brooklyn Bowl - Las Vegas, NV",unassigned — no show or tour; no parseable event date,,
311765,Goose Las Vegas / Los Angeles 22 Gonzalez - Artist Foil,,"Greek Theatre - Los Angeles, CA | Brooklyn Bowl - Las Vegas, NV",unassigned — no show or tour; no parseable event date,,
311766,Goose Las Vegas / Los Angeles 22 Gonzalez - Artist Green Variant,,"Greek Theatre - Los Angeles, CA | Brooklyn Bowl - Las Vegas, NV",unassigned — no show or tour; no parseable event date,,
316925,Goose Fayetteville / OKC 22 Loeffler - Web,,*multiple venues,unassigned — no show or tour; no parseable event date; no instagram link: Max Loeffler,,
311432,Goose Mission Ballroom 21 Leaming - Rainbow Foil,11/21-22/2021,"Mission Ballroom - Denver, CO",no instagram link: Alex Leaming,"2021-11-21 The Mission Ballroom (Denver, CO) | 2021-11-22 The Mission Ballroom (Denver, CO)",
311433,Goose Mission Ballroom 21 Leaming - Artist Edition Paper,11/21-22/2021,"Mission Ballroom - Denver, CO",no instagram link: Alex Leaming,"2021-11-21 The Mission Ballroom (Denver, CO) | 2021-11-22 The Mission Ballroom (Denver, CO)",
311434,Goose Mission Ballroom 21 Leaming - Artist Edition Rainbow Foil,11/21-22/2021,"Mission Ballroom - Denver, CO",no instagram link: Alex Leaming,"2021-11-21 The Mission Ballroom (Denver, CO) | 2021-11-22 The Mission Ballroom (Denver, CO)",
310768,Goose Cincinnati 22 Schaw - Show Foil,"December 30-31, 2022","Andrew J Brady Music Center - Cincinnati, OH",no instagram link: Peter Schaw,"2022-12-30 The Andrew J Brady Music Center (Cincinnati, OH) | 2022-12-31 The Andrew J Brady Music Center (Cincinnati, OH)",
310885,Goose Cincinnati 22 Schaw - Artist,"December 30-31, 2022","Andrew J Brady Music Center - Cincinnati, OH",no instagram link: Peter Schaw,"2022-12-30 The Andrew J Brady Music Center (Cincinnati, OH) | 2022-12-31 The Andrew J Brady Music Center (Cincinnati, OH)",
310886,Goose Cincinnati 22 Schaw - Artist Sparkle Foil,"December 30-31, 2022","Andrew J Brady Music Center - Cincinnati, OH",no instagram link: Peter Schaw,"2022-12-30 The Andrew J Brady Music Center (Cincinnati, OH) | 2022-12-31 The Andrew J Brady Music Center (Cincinnati, OH)",
311159,Goose Cincinnati 22 Schaw - Artist Champagne Foil,"December 30-31, 2022","Andrew J Brady Music Center - Cincinnati, OH",no instagram link: Peter Schaw,"2022-12-30 The Andrew J Brady Music Center (Cincinnati, OH) | 2022-12-31 The Andrew J Brady Music Center (Cincinnati, OH)",
311160,Goose Cincinnati 22 Schaw - Artist Lava Foil,"December 30-31, 2022","Andrew J Brady Music Center - Cincinnati, OH",no instagram link: Peter Schaw,"2022-12-30 The Andrew J Brady Music Center (Cincinnati, OH) | 2022-12-31 The Andrew J Brady Music Center (Cincinnati, OH)",
310787,Goose Boulder 22 Stiles - Artist,"December 18, 2022","Fox Theatre - Boulder, CO",no instagram link: Daniel Stiles,"2022-12-18 The Fox Theatre (Boulder, CO)",
313062,Goose Boulder 22 Stiles - AE II,"December 18, 2022","Fox Theatre - Boulder, CO",no instagram link: Daniel Stiles,"2022-12-18 The Fox Theatre (Boulder, CO)",
310878,Goose Summer Tour 17 Helton - Art Print,,,unassigned — no show or tour; no parseable event date,,
310335,Goose 18 Lovering - Foil,2018 Goose,,unassigned — no show or tour; no parseable event date,,
330174,Goose Atlanta [Uncut] 22 Biffle - Printer's Proof,10/01/2022 - 10/02/2022,"Pullman Yards - Atlanta, GA",no instagram link: Richard Biffle,"2022-10-01 Pullman Yards (Atlanta, GA) | 2022-10-02 Pullman Yards (Atlanta, GA)",
310944,Goose Kansas City 22 Jaxtheimer - Rainbow Foil,10/11/2022,"Arvest Bank Theater - Kansas City, MO",no instagram link: Christian Jaxtheimer,"2022-10-11 The Midland Theatre (Kansas City, MO)",
310945,Goose Kansas City 22 Jaxtheimer - Web Variant,10/11/2022,"Arvest Bank Theater - Kansas City, MO",no instagram link: Christian Jaxtheimer,"2022-10-11 The Midland Theatre (Kansas City, MO)",
312343,Goose Kansas City 22 Jaxtheimer - AP,10/11/2022,"Arvest Bank Theater - Kansas City, MO",no instagram link: Christian Jaxtheimer,"2022-10-11 The Midland Theatre (Kansas City, MO)",
312344,Goose Kansas City 22 Jaxtheimer - AP Foil,10/11/2022,"Arvest Bank Theater - Kansas City, MO",no instagram link: Christian Jaxtheimer,"2022-10-11 The Midland Theatre (Kansas City, MO)",
310014,Trey Anastasio Band / Goose Reading  22 Winters - Foil,"November 19, 2022","Santander Arena - Reading, PA",no instagram link: N.C. Winters,"2022-11-19 Santander Arena (Reading, PA)",
310303,Trey Anastasio Band / Goose Reading  22 Winters - Artist Ice,"November 19, 2022","Santander Arena - Reading, PA",no instagram link: N.C. Winters,"2022-11-19 Santander Arena (Reading, PA)",
310304,Trey Anastasio Band / Goose Reading  22 Winters - Artist Ice Foil,"November 19, 2022","Santander Arena - Reading, PA",no instagram link: N.C. Winters,"2022-11-19 Santander Arena (Reading, PA)",
310305,Trey Anastasio Band / Goose Reading  22 Winters - Artist Blush,"November 19, 2022","Santander Arena - Reading, PA",no instagram link: N.C. Winters,"2022-11-19 Santander Arena (Reading, PA)",
310306,Trey Anastasio Band / Goose Reading  22 Winters - Artist Blush Foil,"November 19, 2022","Santander Arena - Reading, PA",no instagram link: N.C. Winters,"2022-11-19 Santander Arena (Reading, PA)",
309992,Trey Anastasio Band / Goose Syracuse 22 Tatum - Foil,"November 18, 2022",War Memorial Oncenter - Syracuse NY,no instagram link: Hannah Tatum,"2022-11-18 Upstate Medical Arena at The Oncenter War Memorial (Syracuse, NY)",
310096,Trey Anastasio Band / Goose Syracuse 22 Tatum - Artist,"November 18, 2022",War Memorial Oncenter - Syracuse NY,no instagram link: Hannah Tatum,"2022-11-18 Upstate Medical Arena at The Oncenter War Memorial (Syracuse, NY)",
310097,Trey Anastasio Band / Goose Syracuse 22 Tatum - Artist Foil,"November 18, 2022",War Memorial Oncenter - Syracuse NY,no instagram link: Hannah Tatum,"2022-11-18 Upstate Medical Arena at The Oncenter War Memorial (Syracuse, NY)",
310454,Trey Anastasio Band / Goose 22 Pollock - Artist,2022 Fall Tour,*multiple venue tour poster,no parseable event date,,2022 Fall
310723,Trey Anastasio Band / Goose 22 Pollock - T-Shirt,2022 Fall Tour,*multiple venue tour poster,no parseable event date,,2022 Fall
309608,Trey Anastasio Band / Goose Fall Tour 22 Kloc - Foil,,*multiple venue tour poster,unassigned — no show or tour; no parseable event date,,
309328,Goose Dallas 22 Mazza - Web Foil,"October 15, 2022","Southside Ballroom - Dallas, TX",no instagram link: Jim Mazza,"2022-10-15 South Side Ballroom (Dallas, TX)",
309374,Goose Dallas 22 Mazza - Artist,"October 15, 2022","Southside Ballroom - Dallas, TX",no instagram link: Jim Mazza,"2022-10-15 South Side Ballroom (Dallas, TX)",
309375,Goose Dallas 22 Mazza - Artist Rainbow Foil,"October 15, 2022","Southside Ballroom - Dallas, TX",no instagram link: Jim Mazza,"2022-10-15 South Side Ballroom (Dallas, TX)",
309376,Goose Dallas 22 Mazza - Artist Lava Foil,"October 15, 2022","Southside Ballroom - Dallas, TX",no instagram link: Jim Mazza,"2022-10-15 South Side Ballroom (Dallas, TX)",
308857,Goose Richmond 22 Medel - Foil,"September 29-30, 2022","National, The - Richmond, VA",no instagram link: David Medel,"2022-09-29 The National (Richmond, VA) | 2022-09-30 The National (Richmond, VA)",
308876,Goose Richmond 22 Medel - Web Variant,"September 29-30, 2022","National, The - Richmond, VA",no instagram link: David Medel,"2022-09-29 The National (Richmond, VA) | 2022-09-30 The National (Richmond, VA)",
307876,Goose Columbia 22 Race - Foil,"August 12-13, 2022",Chrysalis Pavilion Columbia MD,no instagram link: Bailey Race,"2022-08-12 The Chrysalis (Columbia, MD) | 2022-08-13 The Chrysalis (Columbia, MD)",
307877,Goose Columbia 22 Race - Web Key Foil,"August 12-13, 2022",Chrysalis Pavilion Columbia MD,no instagram link: Bailey Race,"2022-08-12 The Chrysalis (Columbia, MD) | 2022-08-13 The Chrysalis (Columbia, MD)",
307878,Goose Columbia 22 Race - Artist,"August 12-13, 2022",Chrysalis Pavilion Columbia MD,no instagram link: Bailey Race,"2022-08-12 The Chrysalis (Columbia, MD) | 2022-08-13 The Chrysalis (Columbia, MD)",
307879,Goose Columbia 22 Race - Artist Foil,"August 12-13, 2022",Chrysalis Pavilion Columbia MD,no instagram link: Bailey Race,"2022-08-12 The Chrysalis (Columbia, MD) | 2022-08-13 The Chrysalis (Columbia, MD)",
306483,Goose Indianapolis 22 Schaw - Show Foil,,"White River State Park - Indianapolis, IN",unassigned — no show or tour; no parseable event date; no instagram link: Peter Schaw,,
306484,Goose Indianapolis 22 Schaw - Band Online Variant,,"White River State Park - Indianapolis, IN",unassigned — no show or tour; no parseable event date; no instagram link: Peter Schaw,,
319192,Goose Indianapolis 22 Schaw - Artist,,"White River State Park - Indianapolis, IN",unassigned — no show or tour; no parseable event date; no instagram link: Peter Schaw,,
319193,Goose Indianapolis 22 Schaw - Artist Foil,,"White River State Park - Indianapolis, IN",unassigned — no show or tour; no parseable event date; no instagram link: Peter Schaw,,
319194,Goose Indianapolis 22 Schaw - Artist Variant,,"White River State Park - Indianapolis, IN",unassigned — no show or tour; no parseable event date; no instagram link: Peter Schaw,,
306283,Goose Lewiston 22 BioWorkZ - Foil,,"Artpark - Lewiston, NY",unassigned — no show or tour; no parseable event date,,
306318,Goose Lewiston 22 BioWorkZ - Web Variant,,"Artpark - Lewiston, NY",unassigned — no show or tour; no parseable event date,,
304248,Goosemas Uncasville 22 Mahn - Show Foil,2022-02-26,"Mohegan Sun Arena - Uncasville, CT",unassigned — no show or tour; no parseable event date,,
304249,Goosemas Uncasville 22 Mahn - Web Teal Variant,2022-02-26,"Mohegan Sun Arena - Uncasville, CT",unassigned — no show or tour; no parseable event date,,
304250,Goosemas Uncasville 22 Mahn - AP,2022-02-26,"Mohegan Sun Arena - Uncasville, CT",unassigned — no show or tour; no parseable event date,,
304251,Goosemas Uncasville 22 Mahn - AP Foil,2022-02-26,"Mohegan Sun Arena - Uncasville, CT",unassigned — no show or tour; no parseable event date,,
304252,Goosemas Uncasville 22 Mahn - AP Teal Variant,2022-02-26,"Mohegan Sun Arena - Uncasville, CT",unassigned — no show or tour; no parseable event date,,
304139,Goose Charlotte 22 Wilcox - Web,2022-03-03,"Fillmore, The - Charlotte, NC",unassigned — no show or tour; no parseable event date; no instagram link: Jonathan Wilcox,,
313290,Goose Charlotte 22 Wilcox - Show Foil,2022-03-03,"Fillmore, The - Charlotte, NC",unassigned — no show or tour; no parseable event date; no instagram link: Jonathan Wilcox,,
303570,Goose MT MN WI KY [Uncut] 22 Mahn - Purple,,"First Avenue -  Minneapolis, MN | Sylvee, The - Madison, WI | Elm, The - Bozeman, MT | Old Forester's Pa. Hall - Louisville, KY",unassigned — no show or tour; no parseable event date,,
303627,Goose MT MN WI KY [Uncut] 22 Mahn - Artist Green,,"First Avenue -  Minneapolis, MN | Sylvee, The - Madison, WI | Elm, The - Bozeman, MT | Old Forester's Pa. Hall - Louisville, KY",unassigned — no show or tour; no parseable event date,,
303628,Goose MT MN WI KY [Uncut] 22 Mahn - Artist Purple,,"First Avenue -  Minneapolis, MN | Sylvee, The - Madison, WI | Elm, The - Bozeman, MT | Old Forester's Pa. Hall - Louisville, KY",unassigned — no show or tour; no parseable event date,,
303537,Goose Portland / Seattle 22 Fant - Foil,,"Wonder Ballroom - Portland, OR | Neptune Theatre - Seattle, WA",unassigned — no show or tour; no parseable event date,,
303538,Goose Portland / Seattle 22 Fant - Web Blue,,"Wonder Ballroom - Portland, OR | Neptune Theatre - Seattle, WA",unassigned — no show or tour; no parseable event date,,
303998,Goose San Francisco 22 ZazzCorp - Green,,,unassigned — no show or tour; no parseable event date,,
303999,Goose San Francisco 22 ZazzCorp - AP Purple,,,unassigned — no show or tour; no parseable event date,,
304000,Goose San Francisco 22 ZazzCorp - AP Green,,,unassigned — no show or tour; no parseable event date,,
304001,Goose San Francisco 22 ZazzCorp - AP Purple Foil,,,unassigned — no show or tour; no parseable event date,,
304002,Goose San Francisco 22 ZazzCorp - AP Green Foil,,,unassigned — no show or tour; no parseable event date,,
303528,Goose Bend / Portland 22 Fant - Foil,,"Midtown, The - Bend, OR | Wonder Ballroom - Portland, OR",unassigned — no show or tour; no parseable event date,,
303529,Goose Bend / Portland 22 Fant - Web Blue,,"Midtown, The - Bend, OR | Wonder Ballroom - Portland, OR",unassigned — no show or tour; no parseable event date,,
302913,Goose New York City N2 21 Race - Web,Goose Terminal 5 2021,"Terminal 5 - New York City, NY",unassigned — no show or tour; no parseable event date; no instagram link: Bailey Race,,
302914,Goose New York City N2 21 Race - Foil,Goose Terminal 5 2021,"Terminal 5 - New York City, NY",unassigned — no show or tour; no parseable event date; no instagram link: Bailey Race,,
302910,Goose New York City N1 21 Race - Web,Goose Terminal 5 2021,"Terminal 5 - New York City, NY",unassigned — no show or tour; no parseable event date; no instagram link: Bailey Race,,
302911,Goose New York City N1 21 Race - Foil,Goose Terminal 5 2021,"Terminal 5 - New York City, NY",unassigned — no show or tour; no parseable event date; no instagram link: Bailey Race,,
302892,Goose NYC 20 Steely - Blacktop Variant,2020-12-11 Goosemas 7,,unassigned — no show or tour; no parseable event date,,
302888,Goose Denver N2 21 Mazza - Foil,,"Mission Ballroom - Denver, CO",unassigned — no show or tour; no parseable event date; no instagram link: Jim Mazza,,
302889,Goose Denver N2 21 Mazza - Gold Foil,,"Mission Ballroom - Denver, CO",unassigned — no show or tour; no parseable event date; no instagram link: Jim Mazza,,
302885,Goose Denver N1 21 Mazza - Foil,"Goose Denver,CO","Mission Ballroom - Denver, CO",unassigned — no show or tour; no parseable event date; no instagram link: Jim Mazza,,
302886,Goose Denver N1 21 Mazza - Gold Foil,"Goose Denver,CO","Mission Ballroom - Denver, CO",unassigned — no show or tour; no parseable event date; no instagram link: Jim Mazza,,
302900,Goose Relix Session 21 Steely - Gold Foil,,,unassigned — no show or tour; no parseable event date,,
302872,Goose Shenanigans 21 Flames - Foil,Goose Shenanigans Movie Poster 2021,,unassigned — no show or tour; no parseable event date,,
325551,Goose Shenanigans 21 Flames - Artist,Goose Shenanigans Movie Poster 2021,,unassigned — no show or tour; no parseable event date,,
301657,Goose Dallas OKC KC 21 Minsloff - Foil,11/13/2021-11/17/2021,"The HiFi Dallas - Dallas, TX | Truman, The - Kansas City, MO | Tower Theatre, The - Oklahoma City, OK",no instagram link: Ivan Minsloff,"2021-11-13 The Echo Lounge & Music Hall (Dallas, TX) | 2021-11-16 Tower Theatre (Oklahoma City, OK) | 2021-11-17 The Truman (Kansas City, MO)",
301658,Goose Dallas OKC KC 21 Minsloff - Web,11/13/2021-11/17/2021,"The HiFi Dallas - Dallas, TX | Truman, The - Kansas City, MO | Tower Theatre, The - Oklahoma City, OK",no instagram link: Ivan Minsloff,"2021-11-13 The Echo Lounge & Music Hall (Dallas, TX) | 2021-11-16 Tower Theatre (Oklahoma City, OK) | 2021-11-17 The Truman (Kansas City, MO)",
301173,Goose Worcester 21 Blomerth - Lavender,2021-10-30 - 2021-10-31,"Palladium, The - Worcester, MA",unassigned — no show or tour; no parseable event date,,
301174,Goose Worcester 21 Blomerth - Foil,2021-10-30 - 2021-10-31,"Palladium, The - Worcester, MA",unassigned — no show or tour; no parseable event date,,
329941,Goose Worcester 21 Blomerth - Grey Web,2021-10-30 - 2021-10-31,"Palladium, The - Worcester, MA",unassigned — no show or tour; no parseable event date,,
299628,Goose OH NC MD 20 Subject Matter Studio - Foil,,*multiple venues,unassigned — no show or tour; no parseable event date; no instagram link: Drew Findley,,
302972,Goose OH NC MD 20 Subject Matter Studio - Artist,,*multiple venues,unassigned — no show or tour; no parseable event date; no instagram link: Drew Findley,,
302973,Goose OH NC MD 20 Subject Matter Studio - Artist Foil,,*multiple venues,unassigned — no show or tour; no parseable event date; no instagram link: Drew Findley,,
302983,Goose Summer Tour 21 Lovering - Show Foil,,*multiple venue tour poster,unassigned — no show or tour; no parseable event date,,
302984,Goose Summer Tour 21 Lovering - Artist,,*multiple venue tour poster,unassigned — no show or tour; no parseable event date,,
302985,Goose Summer Tour 21 Lovering - Artist Foil,,*multiple venue tour poster,unassigned — no show or tour; no parseable event date,,
297456,Goose Winter Tour 20 Subject Matter Studio - Green,,*multiple venue tour poster,unassigned — no show or tour; no parseable event date; no instagram link: Drew Findley,,
297457,Goose Winter Tour 20 Subject Matter Studio - White,,*multiple venue tour poster,unassigned — no show or tour; no parseable event date; no instagram link: Drew Findley,,
297458,Goose Winter Tour 20 Subject Matter Studio - Foil,,*multiple venue tour poster,unassigned — no show or tour; no parseable event date; no instagram link: Drew Findley,,
297459,Goose Winter Tour 20 Subject Matter Studio - Swirl Foil,,*multiple venue tour poster,unassigned — no show or tour; no parseable event date; no instagram link: Drew Findley,,
291244,Goose 20 Not Pollock - Northern Lights,11/6-11/7,"South Farms - Morris, CT",no instagram link: Not Pollock,"2020-11-06 South Farms (Morris, CT) | 2020-11-07 South Farms (Morris, CT)",
291245,Goose 20 Not Pollock - Purple Haze,11/6-11/7,"South Farms - Morris, CT",no instagram link: Not Pollock,"2020-11-06 South Farms (Morris, CT) | 2020-11-07 South Farms (Morris, CT)",
291246,Goose 20 Not Pollock - Set,11/6-11/7,"South Farms - Morris, CT",no instagram link: Not Pollock,"2020-11-06 South Farms (Morris, CT) | 2020-11-07 South Farms (Morris, CT)",
302971,Goose Swanzey 20 Levy - Color Variant,,"Cheshire Fairgrounds - Swanzey, NH",unassigned — no show or tour; no parseable event date; no instagram link: Joshua Marc Levy,,
302974,Goose Morris 20 Deas - Regular,2020-09-16 - 2020-09-17,"South Farms - Morris, CT",unassigned — no show or tour; no parseable event date,,
302975,Goose Morris 20 Deas - Artist,2020-09-16 - 2020-09-17,"South Farms - Morris, CT",unassigned — no show or tour; no parseable event date,,
302976,Goose Morris 20 Deas - Artist Foil,2020-09-16 - 2020-09-17,"South Farms - Morris, CT",unassigned — no show or tour; no parseable event date,,
280982,Goose Colorado Fall 19 Santor - 2nd,,*multiple venue tour poster,unassigned — no show or tour; no parseable event date; no instagram link: Ty Santor,,
280983,Goose Colorado Fall 19 Santor - 3rd,,*multiple venue tour poster,unassigned — no show or tour; no parseable event date; no instagram link: Ty Santor,,
280984,Goose Colorado Fall 19 Santor - 4th,,*multiple venue tour poster,unassigned — no show or tour; no parseable event date; no instagram link: Ty Santor,,
280985,Goose Colorado Fall 19 Santor - 5th,,*multiple venue tour poster,unassigned — no show or tour; no parseable event date; no instagram link: Ty Santor,,
280986,Goose Colorado Fall 19 Santor - 6th,,*multiple venue tour poster,unassigned — no show or tour; no parseable event date; no instagram link: Ty Santor,,
280976,Goose Midwest Fall 19 Santor - Rust,,*multiple venue tour poster,unassigned — no show or tour; no parseable event date; no instagram link: Ty Santor,,
280977,Goose Midwest Fall 19 Santor - 3rd,,*multiple venue tour poster,unassigned — no show or tour; no parseable event date; no instagram link: Ty Santor,,
280978,Goose Midwest Fall 19 Santor - 4th,,*multiple venue tour poster,unassigned — no show or tour; no parseable event date; no instagram link: Ty Santor,,
280979,Goose Midwest Fall 19 Santor - 5th,,*multiple venue tour poster,unassigned — no show or tour; no parseable event date; no instagram link: Ty Santor,,
280980,Goose Midwest Fall 19 Santor - 6th,,*multiple venue tour poster,unassigned — no show or tour; no parseable event date; no instagram link: Ty Santor,,
280208,Goose Wilkes-Barre 19 Not Pollock - Orange,Goose Live and Sold-Out Show at The River Street Jazz Cafe,"River Street Cafe - Plains, PA",unassigned — no show or tour; no parseable event date; no instagram link: Not Pollock,,
316905,Goose Wilkes-Barre 19 Not Pollock - Coach,Goose Live and Sold-Out Show at The River Street Jazz Cafe,"River Street Cafe - Plains, PA",unassigned — no show or tour; no parseable event date; no instagram link: Not Pollock,,
